id,numero,titulo,modulo_id,data_programada,objetivo_didatico,resumo_atividades,desafio_alpha,nivel,formato,status,criado_em,responsavel_id,detalhes_aula,created_at,updated_at,deleted_at
053b763b-5606-42bc-b02a-a94364239a74,26,Ensaio Geral II,,2025-11-29,"Realizar o segundo ensaio geral, consolidando integração entre grupos, corrigindo detalhes finais e preparando para a apresentação oficial.",,,,,A Fazer,2025-05-31 03:39:31.72478,,"{""tags"": [""Nível: Intermediário"", ""Público: 11+ anos, adolescentes, adultos"", ""Formato: Presencial + Digital (app)"", ""Ensaio"", ""Preparação Final"", ""Integração""], ""modulo"": ""Módulo 16 – Preparação de Apresentação"", ""pdf_base"": [""Checklist Ensaio Final.pdf"", ""Guia de Performance Coletiva.pdf""], ""avaliacao"": [""Comprometimento no ensaio"", ""Evolução desde o ensaio anterior"", ""Cumprimento do desafio Alpha"", ""Postura e disciplina coletiva""], ""checklist"": [""Instrumentos afinados e prontos"", ""Partituras completas"", ""Espaço preparado para ensaio"", ""App testado para upload e feedback""], ""materiais"": [""PDF: Checklist Ensaio Final"", ""Guia de Performance Coletiva"", ""Instrumentos e partituras"", ""Slides: cronograma detalhado da apresentação""], ""registros"": [""Vídeos/fotos do ensaio final"", ""Relatório de ajustes finais"", ""Feedback coletivo registrado""], ""observacoes"": [""Anotar se todos os grupos estão preparados"", ""Observar quem demonstra liderança natural"", ""Registrar tempo total e fluidez da execução""], ""desafio_alpha"": ""No app, escreva um diário sobre o ensaio (pontos fortes/fracos) e compartilhe uma meta pessoal para a apresentação. Comente em dois colegas."", ""capitulo_manual"": ""Capítulo 24 – Integração Final"", ""paginas_exercicio"": [""Execução do repertório completo"", ""Ajustes de entradas, transições e dinâmicas""], ""referencia_manual"": ""Capítulo 24 – Integração Final: ensaio completo e últimos ajustes para a apresentação oficial."", ""resumo_atividades"": [{""titulo"": ""Abertura/Integração"", ""descricao"": ""Reflexão e devocional sobre união e propósito coletivo. Alinhamento do cronograma da apresentação final.""}, {""titulo"": ""Atividade Principal"", ""descricao"": ""Execução integral do repertório com foco em sincronia e integração entre os grupos. Últimos ajustes técnicos de dinâmica, tempo e expressividade.""}, {""titulo"": ""Atividade App/Desafio Alpha"", ""descricao"": ""No app, escrever um diário breve sobre o ensaio (pontos fortes e fracos) e compartilhar uma meta pessoal para o dia da apresentação. Comentar em dois relatos de colegas.""}]}",2025-12-16 00:04:52.501355+00,2025-12-16 00:04:52.501355+00,
0beed730-fa51-467d-9805-9415149ba916,23,Repertório Gospel e Louvor,,2025-11-08,"Praticar músicas do repertório gospel e de louvor, desenvolver arranjos simples em grupo e estimular a integração espiritual e musical dos alunos.",,,,,Concluída,2025-05-31 03:39:31.72478,,"{""tags"": [""Nível: Intermediário"", ""Público: 11+ anos, adolescentes, adultos"", ""Formato: Presencial + Digital (app)"", ""Repertório"", ""Gospel"", ""Louvor""], ""modulo"": ""Módulo 14 – Repertório Temático"", ""pdf_base"": [""Cifras Gospel Simples.pdf"", ""Guia de Louvor em Grupo.pdf""], ""avaliacao"": [""Participação ativa no louvor coletivo"", ""Capacidade de adaptação ao arranjo em grupo"", ""Cumprimento do desafio Alpha"", ""Expressividade e integração musical""], ""checklist"": [""Cifras e letras impressas ou projetadas"", ""Instrumentos disponíveis e afinados"", ""PDFs liberados no app"", ""App testado para uploads""], ""materiais"": [""PDF: Cifras Gospel Simples"", ""PDF: Guia de Louvor em Grupo"", ""Slides: Letras e acordes projetados"", ""Vídeo: Exemplos de apresentações gospel"", ""Instrumentos para acompanhamento coletivo""], ""registros"": [""Vídeos/fotos das práticas de louvor"", ""Lista de músicas trabalhadas"", ""Notas sobre participação e engajamento""], ""observacoes"": [""Observar alunos mais engajados espiritualmente e musicalmente"", ""Registrar músicas mais conhecidas entre o grupo"", ""Anotar sugestões para próximos encontros temáticos""], ""desafio_alpha"": ""Grave e poste no app um vídeo cantando ou tocando uma música de louvor, escreva na legenda o que ela representa para você e comente em dois vídeos de colegas."", ""capitulo_manual"": ""Capítulo 21 – Música Gospel e Louvor"", ""paginas_exercicio"": [""Exercício: cantar e tocar músicas de louvor simples"", ""Exercício: arranjo coletivo com vozes e instrumentos""], ""referencia_manual"": ""Capítulo 21 – Música Gospel e Louvor: prática coletiva, integração espiritual e arranjos simples."", ""resumo_atividades"": [{""titulo"": ""Abertura/Integração"", ""descricao"": ""Breve devocional musical. Conversa: qual música gospel/louvor marcou a sua vida? Compartilhamento de experiências pessoais.""}, {""titulo"": ""Atividade Principal"", ""descricao"": ""Aprender 2 músicas de louvor em grupo. Dividir papéis entre vozes, instrumentos de base e melodia. Criar arranjo simples e ensaiar em conjunto. Rodízio de papéis para todos experimentarem funções diferentes.""}, {""titulo"": ""Atividade App/Desafio Alpha"", ""descricao"": ""Gravar e postar no app um vídeo de grupo cantando/tocando uma música de louvor. Escrever legenda sobre o que a música representa e comentar em duas postagens de colegas.""}]}",2025-12-16 00:04:52.501355+00,2025-12-16 00:04:52.501355+00,
1168d1e0-4f46-4970-876e-6dc5f2d1f21c,18,Músicas do Japão,,2025-10-04,"Apresentar músicas tradicionais japonesas, estimular o contato com a diversidade cultural e integrar práticas de escuta, canto e execução instrumental.",,,,,Concluída,2025-05-31 03:39:31.72478,,"{""tags"": [""Nível: Intermediário"", ""Público: 11+ anos, adolescentes, adultos"", ""Formato: Presencial + Digital (app)"", ""Multicultural"", ""Japão"", ""Repertório""], ""modulo"": ""Módulo 10 – Repertório Multicultural"", ""pdf_base"": [""Cancioneiro Japonês.pdf"", ""Guia de Música Multicultural.pdf""], ""avaliacao"": [""Participação na prática de repertório multicultural"", ""Interesse pela diversidade cultural"", ""Cumprimento e postagem do desafio Alpha"", ""Colaboração nos arranjos""], ""checklist"": [""PDFs e slides liberados no app"", ""Vídeos culturais preparados"", ""Instrumentos afinados"", ""App testado para uploads""], ""materiais"": [""PDF: Cancioneiro Japonês"", ""PDF: Guia de Música Multicultural"", ""Slides: História da música japonesa"", ""Vídeo: Performance de música tradicional japonesa"", ""Instrumentos livres para arranjos coletivos""], ""registros"": [""Vídeos/fotos das práticas coletivas"", ""Lista de músicas japonesas trabalhadas"", ""Notas sobre impressões culturais dos alunos""], ""observacoes"": [""Observar engajamento com músicas estrangeiras"", ""Anotar dificuldades na pronúncia/canto"", ""Registrar comparações feitas pelos alunos com músicas brasileiras""], ""desafio_alpha"": ""Grave e poste no app um vídeo cantando ou tocando uma música japonesa aprendida na aula. Escreva uma curiosidade cultural na legenda e comente em outro vídeo."", ""capitulo_manual"": ""Capítulo 16 – Música do Japão e Multiculturalismo"", ""paginas_exercicio"": [""Canções japonesas tradicionais (ex: Sakura Sakura, Tanko Bushi)"", ""Exercício: adaptação rítmica com instrumentos disponíveis""], ""referencia_manual"": ""Capítulo 16 – Música do Japão e Multiculturalismo: escuta, prática e integração cultural."", ""resumo_atividades"": [{""titulo"": ""Abertura/Integração"", ""descricao"": ""Apresentação cultural: breve vídeo ou imagens sobre a música japonesa. Roda de conversa: o que já ouviram sobre música do Japão?""}, {""titulo"": ""Atividade Principal"", ""descricao"": ""Aprender uma canção tradicional japonesa (melodia e ritmo). Explorar arranjo coletivo com instrumentos disponíveis. Dinâmica de adaptação: como seria essa música em ritmo brasileiro?""}, {""titulo"": ""Atividade App/Desafio Alpha"", ""descricao"": ""Postar no app um vídeo em grupo tocando ou cantando uma música japonesa aprendida em aula. Escrever uma legenda com curiosidade cultural e comentar em outra postagem.""}]}",2025-12-16 00:04:52.501355+00,2025-12-16 00:04:52.501355+00,
14e59217-40f5-4163-b724-e911314d213a,14,Oficina de Composição Coletiva,,2025-09-06,"Estimular a criatividade, desenvolver a escuta coletiva e orientar os alunos na criação de uma música em grupo.",,,,,Concluída,2025-05-31 03:39:31.72478,,"{""tags"": [""Nível: Intermediário"", ""Público: 11+ anos, adolescentes, adultos"", ""Formato: Presencial + Digital (app)"", ""Composição"", ""Criatividade"", ""Trabalho em Grupo""], ""modulo"": ""Módulo 7 – Criação e Composição Coletiva"", ""pdf_base"": [""Guia de Composição Coletiva.pdf"", ""Exercícios de Criatividade Musical.pdf""], ""avaliacao"": [""Participação ativa na criação coletiva"", ""Originalidade e criatividade da composição"", ""Integração e escuta em grupo"", ""Cumprimento do desafio Alpha no app""], ""checklist"": [""Instrumentos disponíveis e afinados"", ""PDFs e slides liberados no app"", ""Sala preparada para trabalho em grupo"", ""App testado para uploads/coletivos""], ""materiais"": [""PDF: Guia de Composição Coletiva"", ""PDF: Exercícios de Criatividade Musical"", ""Slides: Estrutura básica de música (estrofe, refrão)"", ""Vídeo: Exemplos de composições coletivas"", ""Quadro e marcadores para anotações""], ""registros"": [""Áudios/vídeos das composições criadas"", ""Lista de títulos de músicas inventadas"", ""Notas sobre processo coletivo""], ""observacoes"": [""Observar quais grupos têm mais fluidez criativa"", ""Anotar dificuldades em combinar ideias"", ""Registrar alunos que se destacaram como líderes criativos""], ""desafio_alpha"": ""Poste no app um registro (áudio/vídeo) da música criada em grupo e comente em pelo menos uma música de outro grupo."", ""capitulo_manual"": ""Capítulo 12 – Oficina de Composição (processo criativo em grupo)"", ""paginas_exercicio"": [""Exercício: criar letra simples em grupo"", ""Exercício: montar melodia sobre harmonia básica""], ""referencia_manual"": ""Capítulo 12 – Oficina de Composição: criatividade coletiva, arranjos simples e partilha."", ""resumo_atividades"": [{""titulo"": ""Abertura/Integração"", ""descricao"": ""Dinâmica rápida de improviso: cada aluno cria uma frase rítmica ou melódica curta. Conversa sobre o que é compor: juntar ideias em algo maior.""}, {""titulo"": ""Atividade Principal"", ""descricao"": ""Dividir turma em grupos de 4–6 pessoas. Cada grupo cria uma música curta com letra, melodia e ritmo usando harmonia básica. Gravação de rascunho em áudio/vídeo. Troca de grupos para ouvir composições uns dos outros.""}, {""titulo"": ""Atividade App/Desafio Alpha"", ""descricao"": ""Cada grupo deve postar no app um registro (áudio/vídeo) da música criada, com título escolhido pelo grupo. Todos devem comentar em ao menos 1 música de outro grupo.""}]}",2025-12-16 00:04:52.501355+00,2025-12-16 00:04:52.501355+00,
1e357f0c-44ee-4f3b-a39a-851d4f5220b6,12,Melodia Criativa,,2025-08-23,"Desenvolver criatividade melódica, incentivar a composição coletiva e estimular a autonomia musical dos alunos.",,,,,Concluída,2025-05-31 03:39:31.72478,,"{""tags"": [""Nível: Intermediário"", ""Público: 11+ anos, adolescentes, adultos"", ""Formato: Presencial + Digital (app)"", ""Composição"", ""Melodia""], ""modulo"": ""Módulo 5 – Melodia Criativa e Composição"", ""pdf_base"": [""Composição Melódica.pdf"", ""Exercícios Criativos.pdf""], ""avaliacao"": [""Criatividade e originalidade da melodia"", ""Engajamento na composição em grupo"", ""Cumprimento e postagem do desafio Alpha"", ""Capacidade de comentar construtivamente em outro trabalho""], ""checklist"": [""Instrumentos afinados e livres para criação"", ""PDFs, slides, apps prontos"", ""Espaço para grupos/duplas"", ""App liberado para uploads""], ""materiais"": [""PDF: Composição Melódica – exercícios 1 a 3"", ""PDF: Exercícios Criativos – criação em dupla/grupo"", ""Slides: Exemplo de melodias"", ""App para escrita de melodia/cifra"", ""Referências de músicas conhecidas""], ""registros"": [""Áudios/vídeos das melodias criadas"", ""Lista de grupos/duplas e composições"", ""Notas sobre processo criativo""], ""observacoes"": [""Observar participação de todos na criação coletiva"", ""Anotar ideias inovadoras"", ""Registrar dúvidas sobre escrita musical""], ""desafio_alpha"": ""Grave áudio ou vídeo de uma melodia criada em grupo ou dupla, poste no app e comente no trabalho de outro grupo/colega."", ""capitulo_manual"": ""Capítulo 10 – Criação Melódica e Trabalho em Grupo"", ""paginas_exercicio"": [""Composição Melódica – exercícios 1 a 3"", ""Exercícios Criativos – criação em dupla/grupo""], ""referencia_manual"": ""Capítulo 10 – Criação Melódica: prática, criatividade e partilha."", ""resumo_atividades"": [{""titulo"": ""Abertura/Integração"", ""descricao"": ""Roda musical: cada dupla/grupo apresenta um pequeno motivo melódico improvisado; conversa sobre o que é melodia e suas possibilidades.""}, {""titulo"": ""Atividade Principal"", ""descricao"": ""Exploração de instrumentos livres para criação de frases melódicas; composição em dupla/grupo; apresentação para a turma; debate sobre originalidade e referências; estímulo à escrita da melodia em partitura/cifra simples.""}, {""titulo"": ""Atividade App/Desafio Alpha"", ""descricao"": ""Gravar áudio ou vídeo da melodia criada, postar no app, comentar no trabalho de outro grupo/colega.""}]}",2025-12-16 00:04:52.501355+00,2025-12-16 00:04:52.501355+00,
1f48497c-d8e0-4a9b-b9d1-75b3df353047,17,Improvisação Guiada,,2025-09-27,"Estimular a criação espontânea, desenvolver escuta ativa e oferecer técnicas de improvisação simples em grupo.",,,,,Concluída,2025-05-31 03:39:31.72478,,"{""tags"": [""Nível: Intermediário"", ""Público: 11+ anos, adolescentes, adultos"", ""Formato: Presencial + Digital (app)"", ""Improvisação"", ""Criatividade"", ""Escuta Ativa""], ""modulo"": ""Módulo 9 – Improvisação"", ""qr_code"": ""NIPO_AULA_17_1759013044"", ""pdf_base"": [""Guia de Improvisação.pdf"", ""Exercícios de Criação Espontânea.pdf""], ""qr_ativo"": true, ""avaliacao"": [""Participação na improvisação coletiva"", ""Criatividade e originalidade ao improvisar"", ""Cumprimento e postagem do desafio Alpha"", ""Colaboração e respeito ao improviso do colega""], ""checklist"": [""Instrumentos e base rítmica prontos"", ""PDFs/slides liberados no app"", ""Espaço organizado para roda/grupo"", ""App testado para uploads""], ""materiais"": [""PDF: Guia de Improvisação"", ""PDF: Exercícios de Criação Espontânea"", ""Slides: Técnicas simples de improviso"", ""Vídeo: Exemplos de improvisação guiada"", ""Instrumentos/objetos sonoros para prática""], ""registros"": [""Vídeos das improvisações em grupo"", ""Lista de atividades de improvisação feitas"", ""Notas sobre progresso de escuta e criatividade""], ""observacoes"": [""Observar alunos mais tímidos (estimular com improvisos curtos)"", ""Anotar improvisações mais criativas"", ""Registrar dificuldades em manter ritmo/harmonia""], ""qr_gerado_em"": ""2025-09-27 22:44:04.268433+00"", ""desafio_alpha"": ""Grave uma improvisação de até 1 minuto (voz, instrumento ou sons do corpo), poste no app e comente em dois vídeos de colegas."", ""capitulo_manual"": ""Capítulo 15 – Improvisação Musical Guiada"", ""paginas_exercicio"": [""Exercício: improvisar sobre ritmo fixo"", ""Exercício: improvisar sobre nota pedal ou ostinato""], ""referencia_manual"": ""Capítulo 15 – Improvisação Musical Guiada: técnicas básicas, escuta e criação espontânea."", ""resumo_atividades"": [{""titulo"": ""Abertura/Integração"", ""descricao"": ""Dinâmica: cada aluno cria um som curto/gesto musical e o grupo responde. Conversa breve sobre diferença entre improvisar e compor.""}, {""titulo"": ""Atividade Principal"", ""descricao"": ""Improvisação individual sobre base rítmica simples. Improvisação em duplas (pergunta e resposta). Improvisação coletiva sobre ostinato criado pela turma. Discussão: como foi improvisar? O que ajudou?""}, {""titulo"": ""Atividade App/Desafio Alpha"", ""descricao"": ""Gravar e postar no app uma improvisação de até 1 minuto (pode ser com voz, instrumento ou sons do corpo). Comentar em pelo menos 2 vídeos de colegas destacando criatividade e originalidade.""}]}",2025-12-16 00:04:52.501355+00,2025-12-16 00:04:52.501355+00,
2a1cd10b-89d2-45f0-a051-93cdf98bc888,22,Oficina de Bandas/Duplas,,2025-11-01,"Estimular a prática em pequenos grupos, desenvolver autonomia musical e promover integração entre alunos através da formação de bandas e duplas.",,,,,Concluída,2025-05-31 03:39:31.72478,,"{""tags"": [""Nível: Intermediário"", ""Público: 11+ anos, adolescentes, adultos"", ""Formato: Presencial + Digital (app)"", ""Bandas"", ""Duplas"", ""Repertório""], ""modulo"": ""Módulo 13 – Prática em Conjunto"", ""pdf_base"": [""Guia de Formação de Bandas.pdf"", ""Repertório para Duplas.pdf""], ""avaliacao"": [""Participação ativa na banda/dupla"", ""Capacidade de colaboração musical"", ""Cumprimento do desafio Alpha"", ""Clareza no arranjo coletivo""], ""checklist"": [""Instrumentos disponíveis e organizados"", ""PDFs liberados no app"", ""Espaço para ensaios simultâneos"", ""App testado para uploads""], ""materiais"": [""PDF: Guia de Formação de Bandas"", ""PDF: Repertório para Duplas"", ""Slides: Estrutura de arranjo coletivo"", ""Vídeo: Exemplos de bandas escolares"", ""Instrumentos livres para ensaio""], ""registros"": [""Vídeos/fotos dos ensaios em banda/dupla"", ""Lista de grupos formados"", ""Notas sobre repertórios apresentados""], ""observacoes"": [""Observar integração dos alunos nas bandas"", ""Registrar dificuldades de divisão de papéis"", ""Anotar repertórios mais escolhidos""], ""desafio_alpha"": ""Poste no app um vídeo curto ensaiando ou apresentando sua música em dupla/banda, coloque o nome do grupo na legenda e comente em duas postagens de colegas."", ""capitulo_manual"": ""Capítulo 20 – Oficina de Bandas/Duplas"", ""paginas_exercicio"": [""Exercício: escolher repertório em dupla ou banda"", ""Exercício: criar arranjo simples para apresentar""], ""referencia_manual"": ""Capítulo 20 – Oficina de Bandas/Duplas: prática em pequenos grupos, autonomia e arranjos coletivos."", ""resumo_atividades"": [{""titulo"": ""Abertura/Integração"", ""descricao"": ""Roda de conversa: como seria sua banda ideal? Debate rápido sobre divisão de papéis (voz, melodia, harmonia, ritmo).""}, {""titulo"": ""Atividade Principal"", ""descricao"": ""Divisão dos alunos em bandas pequenas ou duplas. Cada grupo escolhe 1 música simples para ensaiar. O professor acompanha, orientando arranjo, entrada e saída. Final: mini-apresentações internas.""}, {""titulo"": ""Atividade App/Desafio Alpha"", ""descricao"": ""Cada banda/dupla posta no app um vídeo curto ensaiando ou apresentando sua música escolhida. Legendar com o nome do grupo e comentar em duas outras postagens.""}]}",2025-12-16 00:04:52.501355+00,2025-12-16 00:04:52.501355+00,
2b58068f-1294-44e2-b9b9-365ef995372d,7,Alfabetização Musical II,,2025-07-19,"Fixar leitura básica de notação, estimular leitura prática através de jogos, desenvolver a autonomia musical e o trabalho em grupo.",,,,,Concluída,2025-05-31 03:39:31.72478,,"{""tags"": [""Nível: Iniciante/Intermediário"", ""Público: 11+ anos, adolescentes, adultos"", ""Formato: Presencial + Digital (app)"", ""Alfabetização Musical"", ""Jogos"", ""Leitura""], ""modulo"": ""Módulo 2 – Alfabetização Musical / Leitura Aplicada"", ""pdf_base"": [""Alfabetização Musical.pdf"", ""Apostila Rítmica.pdf"", ""Teoria Básica.pdf""], ""avaliacao"": [""Leitura correta das figuras/notação"", ""Participação ativa nos jogos e leitura em grupo"", ""Criação/postagem do desafio Alpha"", ""Interação colaborativa com colegas""], ""checklist"": [""Cartões, PDFs, materiais prontos"", ""App testado, jogos digitais liberados"", ""Quadro/sala organizada para leitura em grupo""], ""materiais"": [""PDF: Alfabetização Musical – Exercícios 4 a 6"", ""PDF: Apostila Rítmica – Jogos de leitura"", ""Vídeo: Jogos musicais de leitura"", ""Slides: Exercícios, exemplos práticos"", ""Cartões de leitura musical""], ""registros"": [""Fotos/vídeos das leituras e jogos em grupo"", ""Lista de jogos criados"", ""Anotações sobre progresso coletivo""], ""observacoes"": [""Observar quem lê com mais autonomia"", ""Anotar dúvidas frequentes"", ""Registrar engajamento nos jogos de leitura""], ""desafio_alpha"": ""Escreva, fotografe ou grave uma leitura rítmica criada por você ou pelo grupo, envie pelo app e comente em outro desafio."", ""capitulo_manual"": ""Capítulo 5 – Prática de Leitura Musical (Kodály, Orff)"", ""paginas_exercicio"": [""Alfabetização Musical – exercícios 4 a 6"", ""Apostila Rítmica – p.13–15 (jogos e leitura simples)""], ""referencia_manual"": ""Capítulo 5 – Prática de Leitura Musical: jogos, leitura aplicada, escrita."", ""resumo_atividades"": [{""titulo"": ""Abertura/Integração"", ""descricao"": ""Revisão das figuras rítmicas, jogo de leitura no quadro, quiz relâmpago sobre valores das figuras.""}, {""titulo"": ""Atividade Principal"", ""descricao"": ""Grupos criam jogos de leitura, apresentam desafios, escrita musical de pequenos trechos para leitura.""}, {""titulo"": ""Atividade App/Desafio Alpha"", ""descricao"": ""Escrever/fotografar/filmar leitura rítmica criada, enviar pelo app, comentar em outro. Sugestão de app de leitura.""}]}",2025-12-16 00:04:52.501355+00,2025-12-16 00:04:52.501355+00,
37b53845-821a-4d7e-9b13-2598e34a42ff,3,Iniciação Instrumental I,,2025-06-21,"Apresentar os instrumentos principais do grupo, ensinar postura correta, empunhadura, cuidados básicos e explorar os primeiros sons em conjunto, promovendo consciência corporal e autoestima musical.",,,,,Concluída,2025-05-31 03:39:31.72478,,"{""tags"": [""Nível: Iniciante"", ""Público: 11+ anos, adolescentes, adultos"", ""Formato: Presencial + Digital (app)"", ""Instrumentos: [Listar disponíveis]""], ""modulo"": ""Módulo 1 – Primeiro Contato com o Instrumento"", ""pdf_base"": [""Suzuki Violin Book 1.pdf"", ""Método Teoria Infantil.pdf"", ""Just Play (Musical Futures)""], ""avaliacao"": [""Postura correta e cuidado com o instrumento"", ""Participação ativa e engajamento nos exercícios"", ""Cumprimento e postagem do desafio Alpha no app"", ""Feedback positivo dado a pelo menos 1 colega""], ""checklist"": [""Instrumentos afinados, higienizados e prontos para uso"", ""PDFs/vídeos de apoio liberados no app"", ""Sala organizada para prática em grupo"", ""App testado para uploads e feedback"", ""Presença/feedback registrados""], ""materiais"": [""PDF: Suzuki Violin Book 1 – Lição 1, Postura e Som"", ""PDF: Método Teoria Infantil, p.21–22 – Partes do Instrumento"", ""Vídeo: Como segurar o violão/flauta/teclado corretamente (YouTube ou próprio)"", ""Slides: Fotos de postura correta vs. postura errada"", ""Formulário: Como foi sua experiência? O que achou difícil?""], ""registros"": [""Fotos dos alunos com instrumentos, vídeos do primeiro som coletivo"", ""Lista dos instrumentos disponíveis/interesse dos alunos"", ""Notas sobre a quantidade de instrumentos e logística para próximas aulas""], ""observacoes"": [""Anotar alunos com dificuldades motoras, físicas ou de adaptação (sugira exercícios de fortalecimento, se necessário)"", ""Registrar quem demonstrou maior interesse ou facilidade — pode ajudar colegas nas próximas aulas"", ""Observar se o grupo precisa de mais tempo nesta etapa antes de avançar (adapte o ritmo)""], ""desafio_alpha"": ""Grave um vídeo em casa segurando corretamente o instrumento e tirando o primeiro som (nota, acorde ou sequência simples). Comente no vídeo de outro colega com dica ou elogio."", ""capitulo_manual"": ""Capítulo 2 – Método Suzuki (e complementos Kodály/Musical Futures)"", ""paginas_exercicio"": [""Suzuki Book 1 – Lição 1 (postura e som aberto)"", ""Método Teoria Infantil – p. 21–22 (empunhadura e nome das partes)"", ""Just Play – exercícios de grupo (se aplicável)""], ""referencia_manual"": ""Capítulo 2 – Método Suzuki: Postura, empunhadura, primeiros sons, escuta coletiva. Complemento: Método Teoria Infantil e Musical Futures para prática em grupo."", ""resumo_atividades"": [{""titulo"": ""Abertura/Integração"", ""descricao"": ""Roda de apresentação: cada aluno compartilha o instrumento que gostaria de aprender/tocar ou já toca. Breve devocional sobre começos, superação de desafios e importância do cuidado. Vídeo/slide: Grandes músicos também começaram do zero!""}, {""titulo"": ""Atividade Principal"", ""descricao"": ""Demonstração coletiva dos instrumentos disponíveis (violão, teclado, flauta, violino, etc), nomeando as partes. Explicação e demonstração da postura correta. Empunhadura prática com todos experimentando, correção individual, e orientação para produzir o primeiro som aberto no instrumento. Atividade lúdica: Desafio do som perfeito. Prática em grupo: toque simultâneo, formando uma orquestra de um som, escuta e sincronia. Tente um ostinato coletivo simples, se possível.""}, {""titulo"": ""Atividade App/Desafio Alpha"", ""descricao"": ""Cada aluno grava um vídeo em casa segurando corretamente o instrumento e tirando o primeiro som. Deve comentar no vídeo de um colega. Professores sugerem assistir a vídeo de músicos/professores famosos explicando postura (link no app).""}]}",2025-12-16 00:04:52.501355+00,2025-12-16 00:04:52.501355+00,
3d52bedb-3cb0-4ccc-86bf-6eddd4632364,15,Semana Criativa,,2025-09-13,"Estimular a liberdade criativa, promover experimentação musical sem regras rígidas e valorizar a expressão individual e coletiva.",,,,,Concluída,2025-05-31 03:39:31.72478,,"{""tags"": [""Nível: Intermediário"", ""Público: 11+ anos, adolescentes, adultos"", ""Formato: Presencial + Digital (app)"", ""Criatividade"", ""Experimentação"", ""Composição Livre""], ""modulo"": ""Módulo 7 – Criação e Experimentação"", ""pdf_base"": [""Guia de Experimentação Musical.pdf"", ""Exemplos de Composição Livre.pdf""], ""avaliacao"": [""Participação ativa na experimentação"", ""Originalidade e liberdade criativa"", ""Compartilhamento no app"", ""Capacidade de dar feedback positivo aos colegas""], ""checklist"": [""Sala organizada para livre movimentação"", ""Objetos e instrumentos disponíveis"", ""PDFs/vídeos liberados no app"", ""App testado para uploads criativos""], ""materiais"": [""PDF: Guia de Experimentação Musical"", ""PDF: Exemplos de Composição Livre"", ""Slides: Artistas e músicas inovadoras"", ""Vídeo: Trechos de performances criativas"", ""Objetos sonoros não convencionais""], ""registros"": [""Fotos/vídeos das apresentações criativas"", ""Lista de ideias criadas"", ""Notas sobre participação e engajamento""], ""observacoes"": [""Observar alunos mais tímidos e incentivar que se expressem"", ""Registrar experimentações mais inovadoras"", ""Anotar sugestões dos próprios alunos para próximas aulas""], ""desafio_alpha"": ""Poste no app uma criação experimental (vídeo/áudio), pode ser melodia, ritmo ou som inusitado, e comente em duas criações de colegas."", ""capitulo_manual"": ""Capítulo 13 – Semana Criativa (exploração livre e expressão musical)"", ""paginas_exercicio"": [""Atividade: improvisar usando sons não convencionais"", ""Exercício: transformar uma ideia cotidiana em música""], ""referencia_manual"": ""Capítulo 13 – Semana Criativa: experimentação, liberdade artística, valorização da expressão pessoal e coletiva."", ""resumo_atividades"": [{""titulo"": ""Abertura/Integração"", ""descricao"": ""Roda de conversa: O que é criatividade para você? Debate sobre músicas experimentais e artistas inovadores.""}, {""titulo"": ""Atividade Principal"", ""descricao"": ""Espaço livre para grupos criarem algo novo: pode ser música com instrumentos, sons corporais ou objetos. Não há regra — cada grupo deve apresentar algo original no final. Compartilhamento em roda com feedback positivo.""}, {""titulo"": ""Atividade App/Desafio Alpha"", ""descricao"": ""Cada aluno ou grupo deve postar no app uma criação experimental (vídeo/áudio). Pode ser melodia, ritmo, som inusitado ou composição livre. Comentar em duas criações de colegas destacando o que achou mais interessante.""}]}",2025-12-16 00:04:52.501355+00,2025-12-16 00:04:52.501355+00,
494c3d0d-692b-4509-b90b-b92bd1345eb1,28,Ensaio Final/Preparação Show,,2025-12-13,"Consolidar todo o repertório, ajustar detalhes finais de performance e preparar emocionalmente e tecnicamente os alunos para a apresentação final.",,,,,A Fazer,2025-05-31 03:39:31.72478,,"{""tags"": [""Nível: Intermediário/Avançado"", ""Público: 11+ anos, adolescentes, adultos"", ""Formato: Presencial + Digital (app)"", ""Ensaio Final"", ""Preparação"", ""Show""], ""modulo"": ""Módulo 18 – Show Final"", ""pdf_base"": [""Checklist Show Final.pdf"", ""Guia de Performance e Palco.pdf""], ""avaliacao"": [""Pontualidade e foco no ensaio final"", ""Postura de palco durante a simulação"", ""Cumprimento do desafio Alpha"", ""Integração e apoio entre os colegas""], ""checklist"": [""Instrumentos prontos e afinados"", ""Cronograma do show impresso ou projetado"", ""Espaço preparado para simulação"", ""App testado para motivação final""], ""materiais"": [""PDF: Checklist Show Final"", ""Guia de Performance e Palco"", ""Instrumentos afinados"", ""Slides com cronograma do show""], ""registros"": [""Vídeos/fotos do ensaio final"", ""Relatório de observações do professor"", ""Notas sobre ajustes de palco""], ""observacoes"": [""Anotar últimos pontos técnicos a reforçar"", ""Observar confiança dos alunos no palco"", ""Registrar ajustes de logística (tempo, ordem, entradas)""], ""desafio_alpha"": ""No app, poste uma mensagem ou vídeo de motivação para os colegas, destacando o que mais o anima para o show. Comente em três colegas."", ""capitulo_manual"": ""Capítulo 26 – Ensaio Final"", ""paginas_exercicio"": [""Execução completa do repertório"", ""Simulação da ordem do show com entradas e saídas""], ""referencia_manual"": ""Capítulo 26 – Ensaio Final: ajustes finais, simulação e preparação emocional para o show."", ""resumo_atividades"": [{""titulo"": ""Abertura/Integração"", ""descricao"": ""Reflexão e devocional sobre coragem e união. Dinâmica rápida: cada aluno compartilha sua expectativa para o show.""}, {""titulo"": ""Atividade Principal"", ""descricao"": ""Execução integral do repertório na ordem da apresentação. Ajuste de afinação, postura, entradas e saídas de palco. Simulação de transições entre músicas.""}, {""titulo"": ""Atividade App/Desafio Alpha"", ""descricao"": ""No app, postar uma mensagem ou vídeo de motivação para os colegas, destacando o que mais o anima para o show. Curtir e comentar em 3 postagens de colegas.""}]}",2025-12-16 00:04:52.501355+00,2025-12-16 00:04:52.501355+00,
57abf3d9-0c1a-4903-a518-81d88c4b7544,21,Revisão Geral,,2025-10-25,"Revisar os principais conteúdos trabalhados até aqui, reforçar pontos de dificuldade e consolidar o aprendizado coletivo através de atividades práticas.",,,,,Concluída,2025-05-31 03:39:31.72478,,"{""tags"": [""Nível: Intermediário"", ""Público: 11+ anos, adolescentes, adultos"", ""Formato: Presencial + Digital (app)"", ""Revisão"", ""Consolidação"", ""Feedback""], ""modulo"": ""Módulo 13 – Revisão e Consolidação"", ""pdf_base"": [""Resumo de Conteúdos.pdf"", ""Exercícios de Fixação.pdf""], ""avaliacao"": [""Participação na revisão coletiva"", ""Capacidade de identificar aprendizados e dificuldades"", ""Cumprimento do desafio Alpha"", ""Contribuição no feedback coletivo""], ""checklist"": [""PDFs e slides prontos no app"", ""Espaço para apresentações preparado"", ""App testado para uploads/reflexões""], ""materiais"": [""PDF: Resumo de Conteúdos"", ""PDF: Exercícios de Fixação"", ""Slides: Pontos-chave da revisão"", ""Vídeo: Destaques das aulas anteriores"", ""Formulário: autoavaliação individual""], ""registros"": [""Vídeos/fotos das mini-apresentações"", ""Lista de conteúdos revisados"", ""Autoavaliações coletadas""], ""observacoes"": [""Observar alunos que consolidaram bem os conteúdos"", ""Registrar principais dificuldades coletivas"", ""Anotar sugestões de alunos para próximos temas""], ""desafio_alpha"": ""Poste no app um vídeo curto dizendo o que mais aprendeu até agora e o que deseja melhorar. Comente em dois vídeos de colegas."", ""capitulo_manual"": ""Capítulo 19 – Revisão Geral"", ""paginas_exercicio"": [""Exercício: leitura rítmica revisada"", ""Exercício: prática de harmonia simples"", ""Exercício: mini-performance de repertório""], ""referencia_manual"": ""Capítulo 19 – Revisão Geral: reforço, consolidação e feedback coletivo."", ""resumo_atividades"": [{""titulo"": ""Abertura/Integração"", ""descricao"": ""Dinâmica de perguntas e respostas rápidas sobre conteúdos anteriores. Cada acerto dá direito a propor um pequeno som/ritmo para o grupo repetir.""}, {""titulo"": ""Atividade Principal"", ""descricao"": ""Roda de revisão: leitura, ritmo, harmonia, improviso e repertório. Mini-apresentações em grupo com repertórios escolhidos livremente. Feedback coletivo destacando pontos fortes e áreas de melhoria.""}, {""titulo"": ""Atividade App/Desafio Alpha"", ""descricao"": ""Cada aluno deve postar no app um resumo em vídeo (curto) do que mais aprendeu até agora e um ponto que quer melhorar. Comentar em pelo menos 2 vídeos de colegas.""}]}",2025-12-16 00:04:52.501355+00,2025-12-16 00:04:52.501355+00,
59d864ba-84ca-47e1-b31d-b5819021a986,27,Avaliação Criativa,,2025-12-06,"Realizar avaliação criativa em formato de roda Alpha e mini-apresentações, proporcionando feedback construtivo, autoexpressão e registro da evolução dos alunos.",,,,,A Fazer,2025-05-31 03:39:31.72478,,"{""tags"": [""Nível: Intermediário"", ""Público: 11+ anos, adolescentes, adultos"", ""Formato: Presencial + Digital (app)"", ""Avaliação"", ""Feedback"", ""Roda Alpha""], ""modulo"": ""Módulo 17 – Avaliação e Reflexão"", ""pdf_base"": [""Ficha de Avaliação Criativa.pdf"", ""Guia de Feedback Positivo.pdf""], ""avaliacao"": [""Participação nas mini-apresentações"", ""Clareza e respeito no feedback"", ""Cumprimento do desafio Alpha"", ""Capacidade de autoavaliação""], ""checklist"": [""Espaço organizado para apresentações"", ""Materiais digitais liberados"", ""App testado para registros"", ""Ficha de avaliação disponível""], ""materiais"": [""PDF: Ficha de Avaliação Criativa"", ""Guia de Feedback Positivo"", ""Slides: exemplos de feedback construtivo"", ""Formulário digital de autoavaliação""], ""registros"": [""Vídeos/fotos das mini-apresentações"", ""Relatórios de feedbacks"", ""Autoavaliações registradas""], ""observacoes"": [""Anotar alunos com maior dificuldade de expor-se"", ""Observar qualidade dos feedbacks trocados"", ""Registrar pontos fortes e áreas de melhoria""], ""desafio_alpha"": ""No app, poste um resumo da sua experiência na roda Alpha, com um ponto de evolução pessoal e uma meta para a apresentação final."", ""capitulo_manual"": ""Capítulo 25 – Avaliação Criativa"", ""paginas_exercicio"": [""Exercício: mini-apresentação individual ou em duplas"", ""Exercício: roda de feedback coletivo (Roda Alpha)""], ""referencia_manual"": ""Capítulo 25 – Avaliação Criativa: roda Alpha, mini-apresentações e feedback construtivo."", ""resumo_atividades"": [{""titulo"": ""Abertura/Integração"", ""descricao"": ""Momento devocional breve sobre valorização do esforço. Dinâmica: cada aluno compartilha uma conquista musical até aqui.""}, {""titulo"": ""Atividade Principal"", ""descricao"": ""Mini-apresentações (individuais ou em duplas). Após cada apresentação, roda Alpha de feedback: cada colega fala algo positivo e uma sugestão construtiva.""}, {""titulo"": ""Atividade App/Desafio Alpha"", ""descricao"": ""No app, cada aluno deve postar um resumo da própria experiência na roda Alpha, destacando um ponto de evolução pessoal e um objetivo para a apresentação final.""}]}",2025-12-16 00:04:52.501355+00,2025-12-16 00:04:52.501355+00,
5b8d46c4-0bed-4f6b-b743-615035679b6b,8,Repertório Brasileiro I,,2025-07-26,"Introduzir repertório popular brasileiro, estimular prática coletiva de canções, trabalhar arranjos simples e integração cultural.",,,,,Concluída,2025-05-31 03:39:31.72478,,"{""tags"": [""Nível: Iniciante/Intermediário"", ""Público: 11+ anos, adolescentes, adultos"", ""Formato: Presencial + Digital (app)"", ""Música Brasileira"", ""Repertório"", ""Prática Coletiva""], ""modulo"": ""Módulo 3 – Prática de Repertório Brasileiro / Música Popular"", ""pdf_base"": [""Repertório Brasileiro.pdf"", ""Cifras Simples.pdf"", ""Canções Populares.pdf""], ""avaliacao"": [""Participação na prática coletiva"", ""Capacidade de tocar diferentes estilos"", ""Cumprimento e postagem do desafio Alpha"", ""Colaboração nos arranjos""], ""checklist"": [""Músicas/repertório impresso/disponível"", ""PDFs, slides, áudios prontos"", ""App liberado para uploads/comentários""], ""materiais"": [""PDF: Repertório Brasileiro – músicas 1 e 2"", ""PDF: Cifras Simples – acompanhamento"", ""Vídeo: Apresentação profissional dos estilos trabalhados"", ""Slides: Letras, cifras, instrumentos de cada estilo"", ""Playlist Spotify/YouTube""], ""registros"": [""Fotos/vídeos das práticas em grupo e arranjos criados"", ""Lista de músicas tocadas"", ""Anotações sobre desempenho coletivo""], ""observacoes"": [""Observar integração dos alunos nos subgrupos"", ""Anotar estilos que geraram mais interesse/dificuldade"", ""Registrar criatividade nos arranjos""], ""desafio_alpha"": ""Grave um vídeo tocando uma música do repertório brasileiro (grupo ou solo), poste no app e comente sobre o estilo ou dificuldade. Assista à versão profissional sugerida e comente as diferenças."", ""capitulo_manual"": ""Capítulo 6 – Prática Coletiva e Repertório (Arranjos Populares)"", ""paginas_exercicio"": [""Repertório Brasileiro – músicas 1 e 2 (samba, baião, gospel)"", ""Cifras Simples – acompanhamento""], ""referencia_manual"": ""Capítulo 6 – Prática Coletiva e Repertório: arranjos, integração, cultura."", ""resumo_atividades"": [{""titulo"": ""Abertura/Integração"", ""descricao"": ""Roda de conversa sobre samba, baião, gospel. Audição de trechos, escuta ativa para identificar instrumentos e ritmos.""}, {""titulo"": ""Atividade Principal"", ""descricao"": ""Prática de repertório em grupo (músicas simples). Trabalho em subgrupos: acompanhamento, ritmo, melodia, canto. Arranjo coletivo e rodízio de papéis.""}, {""titulo"": ""Atividade App/Desafio Alpha"", ""descricao"": ""Gravar vídeo tocando música do repertório (grupo/solo). Postar no app, comentar sobre estilo/dificuldade, assistir e comparar versão profissional.""}]}",2025-12-16 00:04:52.501355+00,2025-12-16 00:04:52.501355+00,
65e4f168-9b96-41e4-b0e7-a79d090fa7aa,9,Repertório Brasileiro II,,2025-08-02,"Aprofundar a prática de repertório brasileiro, trabalhar arranjos simples e promover integração cultural por meio da música coletiva.",,,,,Concluída,2025-05-31 03:39:31.72478,,"{""tags"": [""Nível: Intermediário"", ""Público: 11+ anos, adolescentes, adultos"", ""Formato: Presencial + Digital (app)"", ""Música Brasileira"", ""Repertório"", ""Arranjos""], ""modulo"": ""Módulo 3 – Prática de Repertório Brasileiro / Música Popular"", ""pdf_base"": [""Repertório Brasileiro.pdf"", ""Cifras Simples.pdf"", ""Canções Populares.pdf""], ""avaliacao"": [""Participação e integração nos arranjos"", ""Capacidade de tocar e variar repertório"", ""Cumprimento e postagem do desafio Alpha"", ""Contribuição para a integração do grupo""], ""checklist"": [""Músicas e repertório impresso/disponível"", ""PDFs, slides, áudios prontos"", ""App liberado para uploads/comentários""], ""materiais"": [""PDF: Repertório Brasileiro – músicas 3 e 4"", ""PDF: Cifras Simples – variações de acompanhamento"", ""Vídeo: Apresentação de grupos regionais brasileiros"", ""Slides: Ritmos brasileiros e integração cultural"", ""Playlist Spotify/YouTube""], ""registros"": [""Fotos/vídeos dos novos arranjos"", ""Lista de músicas novas"", ""Observações sobre improvisação e colaboração""], ""observacoes"": [""Observar integração e troca entre seções do grupo"", ""Anotar ritmos que causam mais ou menos facilidade"", ""Registrar criatividade nos arranjos""], ""desafio_alpha"": ""Grave um vídeo tocando um novo arranjo brasileiro em grupo, poste no app com legenda explicando a região/estilo e comente no vídeo de outro grupo."", ""capitulo_manual"": ""Capítulo 7 – Arranjos Simples e Integração Cultural"", ""paginas_exercicio"": [""Repertório Brasileiro – músicas 3 e 4 (maracatu, sertanejo, regional)"", ""Cifras Simples – variações de acompanhamento""], ""referencia_manual"": ""Capítulo 7 – Arranjos Simples e Integração Cultural: prática coletiva e diversidade regional."", ""resumo_atividades"": [{""titulo"": ""Abertura/Integração"", ""descricao"": ""Roda de conversa: O que aprenderam sobre estilos brasileiros? Quiz rápido sobre ritmos e regiões.""}, {""titulo"": ""Atividade Principal"", ""descricao"": ""Prática de novas músicas do repertório; arranjo coletivo; dividir o grupo em seções (acompanhamento, melodia, canto); troca de papéis e tentativa de tocar juntos sem professor liderando; estimular improviso.""}, {""titulo"": ""Atividade App/Desafio Alpha"", ""descricao"": ""Gravar vídeo em grupo tocando um novo arranjo brasileiro. Postar no app com legenda sobre a região/estilo, comentar no vídeo de outro grupo.""}]}",2025-12-16 00:04:52.501355+00,2025-12-16 00:04:52.501355+00,
86fcfcbc-59fb-4769-8435-8bc12d2ed432,1,Som do Corpo e Ritmo Básico,,2025-06-07,"Despertar a consciência rítmica, promover a escuta ativa e a integração do grupo usando o corpo como principal instrumento musical.",,,,,Concluída,2025-05-31 03:39:31.72478,,"{""tags"": [""Nível: Iniciante"", ""Público: Todos os alunos"", ""Formato: Presencial""], ""modulo"": ""Iniciação Sonora (Orff Schulwerk)"", ""pdf_base"": [""musicalizacao Infantil 1.pdf""], ""avaliacao"": [""Participação ativa na aula"", ""Criatividade na criação dos sons/ritmos"", ""Registro do desafio Alpha no app""], ""checklist"": [""Sala arrumada (espaço para roda/círculo)"", ""Materiais digitais liberados no app"", ""App testado e com login funcionando para todos"", ""Presença/avaliação prontas para registro""], ""materiais"": [""PDF com ideias de dinâmicas de corpo/ritmo"", ""Vídeo referência: Sons do Corpo"", ""Slides de boas-vindas"", ""Formulário de presença digital""], ""registros"": [""Fotos do círculo musical e dinâmicas de ritmo (upload no mural interno)"", ""Vídeo curto da atividade principal, se autorizado pelos pais/alunos""], ""observacoes"": [""Anotar alunos com maior ou menor facilidade para trabalhar em grupo."", ""Registrar dificuldades de engajamento ou questões técnicas."", ""Incentivar alunos tímidos a participarem com gestos pequenos.""], ""desafio_alpha"": ""Grave um vídeo em casa criando um ritmo com sons do corpo (ou objetos domésticos), poste no app até a próxima aula e comente no vídeo de um colega."", ""capitulo_manual"": ""Capítulo 0 – Iniciação Sonora"", ""paginas_exercicio"": [""p.12–13 (dinâmicas de corpo/ritmo, apresentação do curso)""], ""referencia_manual"": ""Capítulo 0 – Iniciação Sonora: dinâmicas corporais e ritmos do cotidiano."", ""resumo_atividades"": [{""titulo"": ""Boas-vindas e devocional de abertura"", ""descricao"": ""Integração, reflexão e valores Nipo.""}, {""titulo"": ""Dinâmica de nomes e sons corporais"", ""descricao"": ""Cada participante diz o nome e faz um som do corpo.""}, {""titulo"": ""Atividade principal: Padrões rítmicos em grupo"", ""descricao"": ""Criar, repetir e inventar sequências usando apenas o corpo.""}, {""titulo"": ""Jogo Alpha — Simon Musical"", ""descricao"": ""Desafio de memória e coordenação em roda.""}, {""titulo"": ""Roda de feedback e lançamento do Desafio Alpha"", ""descricao"": ""O que foi divertido/difícil? Lançar desafio da semana.""}]}",2025-12-16 00:04:52.501355+00,2025-12-16 00:04:52.501355+00,
923053d3-e54a-4698-9517-a46397c0584c,19,Arranjos Pop/TikTok,,2025-10-11,"Explorar músicas populares atuais, desenvolver arranjos colaborativos em grupo e estimular a criatividade na adaptação para o formato coletivo.",,,,,Concluída,2025-05-31 03:39:31.72478,,"{""tags"": [""Nível: Intermediário"", ""Público: 11+ anos, adolescentes, adultos"", ""Formato: Presencial + Digital (app)"", ""Música Pop"", ""TikTok"", ""Arranjo Coletivo""], ""modulo"": ""Módulo 11 – Música Atual e Cultura Digital"", ""pdf_base"": [""Cifras Populares.pdf"", ""Guia de Arranjos Colaborativos.pdf""], ""avaliacao"": [""Participação na criação do arranjo"", ""Criatividade na adaptação musical"", ""Cumprimento do desafio Alpha"", ""Integração e colaboração em grupo""], ""checklist"": [""Cifras e PDFs liberados"", ""Instrumentos e apps preparados"", ""Espaço para apresentações em grupo"", ""App testado para uploads""], ""materiais"": [""PDF: Cifras Populares"", ""PDF: Guia de Arranjos Colaborativos"", ""Slides: Estruturas comuns de músicas pop"", ""Vídeo: Exemplos de arranjos virais"", ""Instrumentos e recursos digitais disponíveis""], ""registros"": [""Vídeos/fotos dos arranjos criados"", ""Lista de músicas trabalhadas"", ""Notas sobre engajamento e estilos mais populares""], ""observacoes"": [""Observar músicas mais escolhidas pelos alunos"", ""Registrar criatividade nas adaptações"", ""Anotar dificuldades em sincronizar arranjos""], ""desafio_alpha"": ""Poste no app um vídeo do arranjo pop/TikTok criado em grupo, escreva o nome da música na legenda e comente em duas postagens de colegas."", ""capitulo_manual"": ""Capítulo 17 – Arranjos Populares e Criação Colaborativa"", ""paginas_exercicio"": [""Exercício: tocar cifra simples de música atual"", ""Exercício: criar arranjo coletivo inspirado em músicas do TikTok""], ""referencia_manual"": ""Capítulo 17 – Arranjos Populares: prática colaborativa, músicas atuais e cultura digital."", ""resumo_atividades"": [{""titulo"": ""Abertura/Integração"", ""descricao"": ""Audição de músicas populares do momento (sugestões dos alunos). Debate: por que essas músicas viralizam? O que chama mais atenção: ritmo, letra, dança?""}, {""titulo"": ""Atividade Principal"", ""descricao"": ""Divisão da turma em grupos: cada grupo escolhe uma música pop ou de TikTok e cria um arranjo coletivo. Uso de voz, instrumentos ou batidas digitais. Compartilhamento em roda: cada grupo apresenta sua versão.""}, {""titulo"": ""Atividade App/Desafio Alpha"", ""descricao"": ""Postar no app um vídeo do arranjo pop/TikTok criado pelo grupo. Legendar com o nome da música escolhida e comentar em duas postagens de outros grupos.""}]}",2025-12-16 00:04:52.501355+00,2025-12-16 00:04:52.501355+00,
9ae951f2-e006-4afd-a07e-1ad588afcd09,11,Técnicas de Afinação,,2025-08-16,"Ensinar fundamentos de afinação, promover a escuta ativa e estimular o cuidado e manutenção dos instrumentos.",,,,,Concluída,2025-05-31 03:39:31.72478,,"{""tags"": [""Nível: Intermediário"", ""Público: 11+ anos, adolescentes, adultos"", ""Formato: Presencial + Digital (app)"", ""Afinação"", ""Cuidado""], ""modulo"": ""Módulo 4 – Técnicas de Afinação e Cuidado"", ""pdf_base"": [""Manual de Afinação.pdf"", ""Cuidado com Instrumentos.pdf""], ""avaliacao"": [""Capacidade de afinar o instrumento corretamente"", ""Conhecimento sobre cuidados básicos"", ""Cumprimento do desafio Alpha"", ""Atenção à escuta e manutenção""], ""checklist"": [""Instrumentos disponíveis e revisados"", ""PDFs e slides liberados"", ""Afinadores e apps testados"", ""Espaço para limpeza""], ""materiais"": [""PDF: Manual de Afinação"", ""PDF: Cuidado com Instrumentos"", ""Slides: Dicas de manutenção"", ""App de afinador"", ""Checklists""], ""registros"": [""Fotos/vídeos do processo de afinação"", ""Checklist de manutenção por aluno"", ""Lista de dicas e dificuldades""], ""observacoes"": [""Observar alunos com dificuldade auditiva ou motora"", ""Anotar instrumentos que mais precisaram de manutenção"", ""Registrar dicas compartilhadas""], ""desafio_alpha"": ""Grave um vídeo mostrando como afina seu instrumento, explique uma dica de manutenção no app e comente no vídeo de outro colega."", ""capitulo_manual"": ""Capítulo 9 – Afinação, Escuta e Manutenção"", ""paginas_exercicio"": [""Manual de Afinação – exercícios práticos"", ""Cuidado com Instrumentos – dicas e checklists""], ""referencia_manual"": ""Capítulo 9 – Afinação, Escuta e Manutenção: prática, cuidado e prevenção."", ""resumo_atividades"": [{""titulo"": ""Abertura/Integração"", ""descricao"": ""Dinâmica auditiva: adivinhar notas desafinadas vs. afinadas; conversa sobre importância da escuta apurada.""}, {""titulo"": ""Atividade Principal"", ""descricao"": ""Demonstração de afinação em diferentes instrumentos; atividade prática: cada aluno afina seu instrumento (com afinador, app ou de ouvido); roda de dicas de manutenção e limpeza; checklist do cuidado básico com cada instrumento.""}, {""titulo"": ""Atividade App/Desafio Alpha"", ""descricao"": ""Gravar vídeo mostrando o processo de afinação do próprio instrumento, explicar uma dica de manutenção no app e comentar no vídeo de outro colega.""}]}",2025-12-16 00:04:52.501355+00,2025-12-16 00:04:52.501355+00,
a7d5335f-94f1-4646-8bc4-cc0c4cd663ea,29,Show Final/Aula de Encerramento,,2025-12-20,"Realizar a apresentação final, celebrar conquistas individuais e coletivas, promover integração da comunidade escolar e encerrar o ciclo de aulas com feedback e celebração.",,,,,A Fazer,2025-05-31 03:39:31.72478,,"{""tags"": [""Nível: Intermediário/Avançado"", ""Público: 11+ anos, adolescentes, adultos"", ""Formato: Presencial + Digital (app)"", ""Show Final"", ""Encerramento"", ""Celebração""], ""modulo"": ""Módulo 18 – Show Final"", ""pdf_base"": [""Guia de Organização de Apresentação.pdf"", ""Checklist Encerramento.pdf""], ""avaliacao"": [""Participação ativa no show"", ""Expressividade artística"", ""Cumprimento do desafio Alpha"", ""Integração com colegas e comunidade""], ""checklist"": [""Espaço preparado e testado (som, iluminação, palco)"", ""Instrumentos e equipamentos prontos"", ""Equipe organizada para recepção e registro"", ""App pronto para receber postagens de encerramento""], ""materiais"": [""PDF: Guia de Organização de Apresentação"", ""Checklist Encerramento"", ""Instrumentos e microfones"", ""Slides de agradecimento e créditos""], ""registros"": [""Fotos e vídeos oficiais do show"", ""Lista de solos/destaques"", ""Feedback final dos alunos e comunidade""], ""observacoes"": [""Registrar destaque de cada aluno (solo, participação especial, evolução)"", ""Observar engajamento com público"", ""Registrar sugestões para próximos ciclos""], ""desafio_alpha"": ""No app, poste uma foto ou vídeo pessoal do show com uma mensagem de encerramento: o que mais aprendeu e o que deseja para o próximo ciclo."", ""capitulo_manual"": ""Capítulo 27 – Show e Encerramento"", ""paginas_exercicio"": [""Execução do repertório preparado"", ""Participação em solos e destaques""], ""referencia_manual"": ""Capítulo 27 – Show e Encerramento: celebração, integração e fechamento do ciclo."", ""resumo_atividades"": [{""titulo"": ""Abertura/Integração"", ""descricao"": ""Breve devocional e boas-vindas à comunidade. Apresentação dos objetivos do show e agradecimentos iniciais.""}, {""titulo"": ""Atividade Principal"", ""descricao"": ""Execução do repertório completo em formato de show. Inclusão de solos, arranjos coletivos e momentos especiais (aplausos, agradecimentos e interação com público).""}, {""titulo"": ""Atividade App/Desafio Alpha"", ""descricao"": ""No app, postar uma foto ou vídeo pessoal do show e escrever uma mensagem de encerramento: o que mais aprendeu e o que deseja para o próximo ciclo.""}, {""titulo"": ""Encerramento"", ""descricao"": ""Roda de celebração: cada aluno compartilha um aprendizado e um agradecimento. Professores fazem a entrega simbólica de certificados ou menções honrosas.""}]}",2025-12-16 00:04:52.501355+00,2025-12-16 00:04:52.501355+00,
b154f8a4-d7be-40b8-8bde-c64d409bde2b,0,Aula Inaugural,,2025-05-31,"Apresentar o projeto, criar vínculos, montar grupos",,,,,Concluída,2025-05-31 03:39:31.72478,,"{""tags"": [""Nível: Iniciante"", ""Público: Geral"", ""Formato: Presencial + Digital (app)""], ""modulo"": ""Módulo 0 – Boas-vindas e Integração"", ""pdf_base"": [""Guia do Aluno.pdf"", ""Manual do App.pdf""], ""avaliacao"": [""Participação na integração"", ""Configuração do acesso ao app"", ""Interação no desafio inaugural""], ""checklist"": [""Ambiente preparado"", ""Materiais e links liberados"", ""App testado nas contas dos alunos""], ""materiais"": [""PDF: Guia do Aluno"", ""PDF: Manual do App"", ""Slides de boas-vindas""], ""registros"": [""Fotos da turma"", ""Lista de grupos formados""], ""observacoes"": [""Anotar necessidades especiais ou dúvidas frequentes"", ""Registrar quem teve dificuldade de acesso""], ""desafio_alpha"": ""No app, poste uma apresentação rápida (texto, foto ou vídeo curto) contando seu objetivo musical no curso e comente em uma apresentação de colega."", ""capitulo_manual"": ""Capítulo 0 – Aula Inaugural"", ""paginas_exercicio"": [""Apresentações e dinâmica de integração"", ""Configuração do app e primeiro acesso""], ""referencia_manual"": ""Capítulo 0 – Aula Inaugural: integração e onboarding."", ""resumo_atividades"": [{""titulo"": ""Boas-vindas e apresentação do projeto"", ""descricao"": ""Visão geral, valores e combinados.""}, {""titulo"": ""Dinâmica de nomes e expectativas"", ""descricao"": ""Cada aluno compartilha objetivo pessoal.""}, {""titulo"": ""Tour pelo app"", ""descricao"": ""Como postar, comentar e acessar materiais.""}, {""titulo"": ""Formação de grupos"", ""descricao"": ""Organização para as próximas aulas.""}]}",2025-12-16 00:04:52.501355+00,2025-12-16 00:04:52.501355+00,
b9d6f98c-1f40-42de-b346-0c5e18eac1f5,5,Jogo de Ritmos e Grupos,,2025-07-05,"Desenvolver coordenação motora, cooperação em grupo e resposta musical rápida, utilizando jogos rítmicos e dinâmicas coletivas.",,,,,Concluída,2025-05-31 03:39:31.72478,,"{""tags"": [""Nível: Iniciante/Intermediário"", ""Público: 11+ anos, adolescentes, adultos"", ""Formato: Presencial + Digital (app)"", ""Jogos Musicais"", ""Ritmo"", ""Cooperação""], ""modulo"": ""Módulo 1 – Prática de Grupo / Dinâmicas Rítmicas"", ""pdf_base"": [""Dinâmicas Rítmicas.pdf"", ""Orff Schulwerk.pdf"", ""Atividades em Grupo.pdf""], ""avaliacao"": [""Coordenação e resposta rápida nos jogos"", ""Participação ativa em grupo"", ""Cumprimento e postagem do desafio Alpha no app"", ""Cooperação/apoio entre os colegas""], ""checklist"": [""Espaço organizado para movimentação em roda/grupo"", ""PDFs/vídeos liberados no app"", ""App pronto para uploads/coleta de feedback""], ""materiais"": [""PDF: Dinâmicas Rítmicas – Jogos em grupo"", ""PDF: Orff Schulwerk – Jogos de resposta"", ""Vídeo: Exemplos de jogos musicais em sala"", ""Slides: Sequências de ritmos, exemplos visuais"", ""Formulário digital de participação/feedback""], ""registros"": [""Fotos/vídeos dos jogos em grupo"", ""Lista de grupos formados/dinâmicas aplicadas"", ""Observações sobre resposta coletiva""], ""observacoes"": [""Observar quem lidera naturalmente e quem precisa de mais estímulo para participar"", ""Anotar dinâmicas que funcionaram melhor para cada grupo"", ""Registrar dificuldades de sincronia/grupo""], ""desafio_alpha"": ""Grave um vídeo em grupo executando um jogo rítmico aprendido hoje (Jogo do Maestro, Ritmos em Roda, etc), poste no app com legenda explicando a dinâmica e comente em outro vídeo."", ""capitulo_manual"": ""Capítulo 3 – Jogos Musicais e Atividades Rítmicas (Orff, Kodály)"", ""paginas_exercicio"": [""Dinâmicas Rítmicas – Jogo do Maestro, Jogo dos Ritmos em Roda"", ""Orff – 'Passa o Ritmo'"", ""Kodály – Jogos de resposta""], ""referencia_manual"": ""Capítulo 3 – Jogos Musicais/Rítmicos: coordenação, resposta rápida, trabalho em grupo, criatividade."", ""resumo_atividades"": [{""titulo"": ""Abertura/Integração"", ""descricao"": ""Aquecimento corporal com palmas, estalos, batidas. Jogo Quem começa? Um aluno inicia ritmo, grupo imita. Conversa: como jogos ajudam escuta e grupo?""}, {""titulo"": ""Atividade Principal"", ""descricao"": ""Jogo do Maestro: um lidera, grupo responde. Ritmos em Roda: cada um inventa padrão rítmico. Desafio: mudanças rápidas de ritmo. Dinâmica: subgrupos sincronizam ritmo complexo.""}, {""titulo"": ""Atividade App/Desafio Alpha"", ""descricao"": ""Gravar vídeo em grupo executando um jogo rítmico aprendido hoje. Postar no app com legenda da dinâmica e comentar no vídeo de outro colega.""}]}",2025-12-16 00:04:52.501355+00,2025-12-16 00:04:52.501355+00,
c23b8c68-a284-4c6d-82c8-8f54d00b3e00,2,Sons do Dia a Dia (Orff),,2025-06-14,"Explorar sons do cotidiano, desenvolver percepção auditiva e criatividade a partir de objetos do dia a dia.",,,,,Concluída,2025-05-31 03:39:31.72478,,"{""tags"": [""Nível: Iniciante/Intermediário"", ""Público: 11+ anos, adolescentes, adultos"", ""Formato: Presencial + Digital (app)""], ""modulo"": ""Módulo 0 – Iniciação Sonora / Capítulo Orff Schulwerk"", ""pdf_base"": [""musicalizacao Infantil 1.pdf"", ""Orff_Schulwerk_Vol1.pdf""], ""avaliacao"": [""Participação ativa nas atividades de grupo"", ""Criatividade na escolha/combinação dos objetos"", ""Cumprimento e postagem do desafio Alpha no app""], ""checklist"": [""Objetos variados disponíveis na sala (ou aviso para trazer)"", ""PDFs/vídeos liberados no app"", ""App testado e pronto para uploads""], ""materiais"": [""PDF: musicalizacao Infantil 1, p.12-13 – Atividade 'Sons do Cotidiano'"", ""PDF: Orff Schulwerk Vol.1, p.15 – Exploração de objetos"", ""Vídeo referência: Sons do dia a dia transformados em música"", ""Slides de apoio: imagens/sons de objetos comuns""], ""registros"": [""Fotos/vídeos das apresentações de grupos (upload para mural interno/app)"", ""Lista de objetos mais usados/interessantes""], ""observacoes"": [""Notar alunos mais tímidos ou com dificuldade de propor sons (incentivar participação gradual)"", ""Registrar se algum grupo inovou usando objetos inusitados"", ""Anotar sugestões de objetos para próximas aulas""], ""desafio_alpha"": ""Grave um vídeo criando uma “música” só com sons do ambiente (cozinha, quarto, quintal), usando no mínimo 3 objetos diferentes. Poste no app até a próxima aula e comente no vídeo de ao menos 1 colega."", ""capitulo_manual"": ""Capítulo 1 – Orff Schulwerk"", ""paginas_exercicio"": [""musicalizacao Infantil 1 – p.12-13 (atividade 'Sons do Cotidiano')"", ""Orff Vol.1 – p.15 ('Explorando objetos do dia a dia')""], ""referencia_manual"": ""Capítulo 1 – Orff Schulwerk: Exploração sonora, criatividade, integração de objetos, musicalização ativa."", ""resumo_atividades"": [{""titulo"": ""Abertura/Integração"", ""descricao"": ""Roda de escuta: o professor executa sequências de sons usando objetos simples (chave, garrafa, papel, caneta). Pergunta ao grupo: Quem consegue identificar todos? Onde você ouve esses sons no seu dia a dia? Debate breve sobre música no cotidiano.""}, {""titulo"": ""Atividade Principal"", ""descricao"": ""Pequenos grupos ou duplas exploram sons diferentes com objetos encontrados na sala ou trazidos de casa. Usar a atividade da apostila: 'Crie um ritmo com 3 objetos diferentes'. Cada grupo apresenta sua sequência de sons; o restante tenta adivinhar os objetos usados.""}, {""titulo"": ""Desafio Alpha/App"", ""descricao"": ""Em casa, gravar um vídeo criando uma música só com sons do ambiente (cozinha, quarto, quintal), usando no mínimo 3 objetos diferentes. Postar no app até a próxima aula. Comentar no vídeo de ao menos 1 colega.""}]}",2025-12-16 00:04:52.501355+00,2025-12-16 00:04:52.501355+00,
c368b564-6704-4c95-9d82-b2672babead5,13,Harmonia na Prática,,2025-08-30,"Introduzir conceitos básicos de harmonia, explorar acordes simples e promover a prática coletiva tocando em conjunto.",,,,,Concluída,2025-05-31 03:39:31.72478,,"{""tags"": [""Nível: Intermediário"", ""Público: 11+ anos, adolescentes, adultos"", ""Formato: Presencial + Digital (app)"", ""Harmonia"", ""Acordes"", ""Prática Coletiva""], ""modulo"": ""Módulo 6 – Harmonia Básica"", ""pdf_base"": [""Harmonia Básica.pdf"", ""Cifras e Progressões Simples.pdf"", ""Teoria Musical Essencial.pdf""], ""avaliacao"": [""Identificação de acordes maiores e menores"", ""Execução de progressão simples"", ""Participação na prática coletiva"", ""Cumprimento e postagem do desafio Alpha""], ""checklist"": [""Instrumentos afinados (teclado, violão, etc.)"", ""PDFs/slides prontos no app"", ""Quadro para escrever cifras"", ""App liberado para uploads/comentários""], ""materiais"": [""PDF: Harmonia Básica – tríades maiores/menores"", ""PDF: Cifras Simples – progressões"", ""Slides: Funções harmônicas básicas"", ""Vídeo: Introdução à harmonia popular"", ""App de cifras/teclado virtual""], ""registros"": [""Fotos/vídeos da prática coletiva de progressões"", ""Lista de acordes/progressões trabalhadas"", ""Anotações sobre dúvidas frequentes""], ""observacoes"": [""Observar alunos com mais facilidade para harmonia (podem apoiar colegas depois)"", ""Registrar dúvidas sobre cifras"", ""Anotar quais instrumentos funcionaram melhor para base harmônica""], ""desafio_alpha"": ""Grave um vídeo tocando uma progressão simples (ex: C – F – G – C), poste no app e comente em dois vídeos de colegas."", ""capitulo_manual"": ""Capítulo 11 – Harmonia na Prática (acordes e progressões)"", ""paginas_exercicio"": [""Exercícios de tríades maiores e menores"", ""Progressões I – IV – V – I em diferentes tonalidades""], ""referencia_manual"": ""Capítulo 11 – Harmonia na Prática: acordes, progressões, prática coletiva."", ""resumo_atividades"": [{""titulo"": ""Abertura/Integração"", ""descricao"": ""Roda de conversa: o que é harmonia? Escuta de músicas simples (gospel, pop, sertanejo) para identificar acordes.""}, {""titulo"": ""Atividade Principal"", ""descricao"": ""Explicação de acordes maiores/menores; demonstração em violão/teclado. Exercício coletivo: cada grupo toca uma progressão simples. Rodízio de papéis: acompanhamento, ritmo, melodia. Desafio: manter harmonia enquanto outro improvisa melodia.""}, {""titulo"": ""Atividade App/Desafio Alpha"", ""descricao"": ""Gravar vídeo tocando uma progressão simples (ex: C – F – G – C) com acompanhamento ou melodia. Postar no app e comentar em 2 vídeos de colegas.""}]}",2025-12-16 00:04:52.501355+00,2025-12-16 00:04:52.501355+00,
d5291adc-06b1-47d7-ba66-1735ec3c3a24,6,Alfabetização Musical I,,2025-07-12,"Apresentar os símbolos e figuras rítmicas básicas, estimular o reconhecimento visual/sonoro da notação musical e iniciar jogos de leitura e escrita musical coletiva.",,,,,Concluída,2025-05-31 03:39:31.72478,,"{""tags"": [""Nível: Iniciante"", ""Público: 11+ anos, adolescentes, adultos"", ""Formato: Presencial + Digital (app)"", ""Alfabetização Musical"", ""Leitura"", ""Ritmo""], ""modulo"": ""Módulo 2 – Alfabetização Musical / Iniciação à Leitura"", ""pdf_base"": [""Alfabetização Musical.pdf"", ""Apostila Rítmica.pdf"", ""Teoria Básica.pdf""], ""avaliacao"": [""Reconhecimento de figuras rítmicas"", ""Participação nos jogos de leitura"", ""Criação e postagem do desafio Alpha no app"", ""Colaboração com colega""], ""checklist"": [""Cartões e PDFs prontos/disponíveis"", ""App/jogo de notação liberado/testado"", ""Sala preparada para movimentação""], ""materiais"": [""PDF: Alfabetização Musical – Exercícios 1 a 3"", ""PDF: Apostila Rítmica – Figuras básicas"", ""Vídeo: Introdução à notação musical"", ""Cartões de figuras rítmicas ou app de leitura"", ""Slides: Notação, figuras e jogos""], ""registros"": [""Fotos dos jogos de leitura"", ""Lista dos padrões criados em grupo/app"", ""Anotações sobre progresso de leitura""], ""observacoes"": [""Observar quem já tem facilidade com leitura e quem precisa de reforço"", ""Anotar dúvidas comuns sobre símbolos"", ""Registrar engajamento com o app/jogos digitais""], ""desafio_alpha"": ""Crie e poste no app um pequeno padrão rítmico (em vídeo ou escrito/fotografado), colaborando com um colega."", ""capitulo_manual"": ""Capítulo 4 – Leitura Musical Básica (Kodály, Orff)"", ""paginas_exercicio"": [""Alfabetização Musical – exercícios 1 a 3"", ""Apostila Rítmica – p.10–12 (figuras básicas)""], ""referencia_manual"": ""Capítulo 4 – Leitura Musical Básica: notação, leitura, jogos."", ""resumo_atividades"": [{""titulo"": ""Abertura/Integração"", ""descricao"": ""Roda de perguntas sobre notas musicais, exposição de figuras rítmicas, jogo corporal: cada figura, um movimento.""}, {""titulo"": ""Atividade Principal"", ""descricao"": ""Apresentação da pauta e figuras, leitura coletiva, atividade em grupos para criar padrões rítmicos, desafio de variação.""}, {""titulo"": ""Atividade App/Desafio Alpha"", ""descricao"": ""Criar e postar no app um padrão rítmico em vídeo ou foto, comentar em outro. Professor sugere jogos/apps musicais.""}]}",2025-12-16 00:04:52.501355+00,2025-12-16 00:04:52.501355+00,
d5414bcb-4d76-4cb0-bf0a-8f166cca5b47,4,Iniciação Instrumental II,,2025-06-28,"Aprofundar o domínio da postura, fixar a técnica de empunhadura e som, iniciar a experiência de tocar junto, desenvolver escuta coletiva e coordenação em grupo.",,,,,Concluída,2025-05-31 03:39:31.72478,,"{""tags"": [""Nível: Iniciante"", ""Público: 11+ anos, adolescentes, adultos"", ""Formato: Presencial + Digital (app)"", ""Instrumentos: [Listar disponíveis]""], ""modulo"": ""Módulo 1 – Fixação Técnica e Prática Coletiva"", ""pdf_base"": [""Suzuki Violin Book 1.pdf"", ""Método Teoria Infantil.pdf"", ""Just Play (Musical Futures)""], ""avaliacao"": [""Postura e técnica durante a execução"", ""Coordenação e escuta ao tocar em grupo"", ""Cumprimento e postagem do desafio Alpha no app"", ""Engajamento e incentivo ao colega""], ""checklist"": [""Instrumentos afinados e organizados em duplas/trios"", ""PDFs/vídeos liberados no app"", ""Sala preparada para prática coletiva"", ""App testado para uploads/comentários""], ""materiais"": [""PDF: Suzuki Book 1 – Lição 2, primeiras notas"", ""PDF: Teoria Infantil p.23–24 – Exercícios de técnica"", ""Vídeo: Prática de tocar junto"", ""Slides: Coordenação em grupo e exemplos de postura"", ""Formulário digital: feedback sobre prática em grupo""], ""registros"": [""Fotos/vídeos das práticas em grupo"", ""Lista dos alunos/duplas formadas e instrumentos usados"", ""Notas sobre progresso técnico coletivo""], ""observacoes"": [""Observar quem ajuda colegas com mais facilidade (potenciais monitores)"", ""Anotar se houve dificuldades técnicas (instrumento, afinação, etc)"", ""Registrar quem se destacou em escuta coletiva""], ""desafio_alpha"": ""Grave um vídeo tocando as notas/sons trabalhados na aula (sozinho ou em grupo), poste no app e comente em ao menos 1 vídeo de colega."", ""capitulo_manual"": ""Capítulo 2 – Método Suzuki / Just Play / Kodály (revisão)"", ""paginas_exercicio"": [""Suzuki Book 1 – Lição 2 (primeiras notas e cordas)"", ""Teoria Infantil – p.23–24 (exercícios de técnica)"", ""Just Play – acompanhamento simples""], ""referencia_manual"": ""Capítulo 2 – Método Suzuki: Fixação de técnica, tocar junto, escuta e coordenação. Complemento: Just Play e Teoria Infantil para prática coletiva."", ""resumo_atividades"": [{""titulo"": ""Abertura/Integração"", ""descricao"": ""Roda de conversa: Como foi praticar em casa? Alguma dificuldade? Recapitulação da postura e empunhadura com demonstração de colega. Alongamento/relaxamento corporal.""}, {""titulo"": ""Atividade Principal"", ""descricao"": ""Repetição dos exercícios da última aula com feedback. Fixação técnica: tocar primeiras notas em sequência, trocando corda/posição. Atividade em duplas/trios: tocar e ouvir o colega. Desafio coletivo: manter ritmo juntos por 1 min (metrônomo/palma). Prática de acompanhamento simples.""}, {""titulo"": ""Atividade App/Desafio Alpha"", ""descricao"": ""Gravar vídeo tocando as notas/sons da aula (sozinho ou em grupo). Enviar pelo app até a próxima aula e comentar em 1 vídeo de colega. Professores sugerem vídeo de referência sobre acompanhamento.""}]}",2025-12-16 00:04:52.501355+00,2025-12-16 00:04:52.501355+00,
eb103e6c-7aa9-43ab-8b2e-ac7dfcde918f,20,Performance de Grupos,,2025-10-18,"Preparar os alunos para apresentações coletivas, desenvolver postura de palco, sincronia e confiança na performance em grupo.",,,,,Concluída,2025-05-31 03:39:31.72478,,"{""tags"": [""Nível: Intermediário"", ""Público: 11+ anos, adolescentes, adultos"", ""Formato: Presencial + Digital (app)"", ""Performance"", ""Apresentação"", ""Confiança""], ""modulo"": ""Módulo 12 – Performance Musical"", ""pdf_base"": [""Guia de Performance Musical.pdf"", ""Check-list de Apresentação.pdf""], ""avaliacao"": [""Participação nos ensaios"", ""Segurança e postura de palco"", ""Cumprimento do desafio Alpha"", ""Integração e sincronia em grupo""], ""checklist"": [""Instrumentos e microfones preparados"", ""Espaço organizado para simulação de palco"", ""PDFs/slides disponíveis no app"", ""App testado para uploads""], ""materiais"": [""PDF: Guia de Performance Musical"", ""PDF: Check-list de Apresentação"", ""Slides: Dicas de postura e expressão corporal"", ""Vídeo: Exemplos de performances coletivas"", ""Microfones e instrumentos prontos para ensaio""], ""registros"": [""Vídeos/fotos dos ensaios e mini-performances"", ""Lista de músicas ensaiadas"", ""Notas de progresso por grupo""], ""observacoes"": [""Observar alunos com maior nervosismo e apoiar estratégias de confiança"", ""Registrar repertório escolhido por cada grupo"", ""Anotar pontos fortes e a melhorar para a apresentação mensal""], ""desafio_alpha"": ""Grave e poste no app um trecho da performance do seu grupo, legendando com o nome da música e função de cada integrante. Comente em pelo menos 2 grupos diferentes."", ""capitulo_manual"": ""Capítulo 18 – Preparação de Performance"", ""paginas_exercicio"": [""Exercício: postura de palco"", ""Exercício: ensaio de repertório coletivo""], ""referencia_manual"": ""Capítulo 18 – Preparação de Performance: postura, ensaio e confiança coletiva."", ""resumo_atividades"": [{""titulo"": ""Abertura/Integração"", ""descricao"": ""Dinâmica de confiança: cada aluno simula subir ao palco e se apresentar em 10 segundos. Conversa sobre nervosismo e como lidar com ele.""}, {""titulo"": ""Atividade Principal"", ""descricao"": ""Divisão dos grupos e escolha do repertório a ser apresentado. Ensaio coletivo com feedback do professor. Treino de entradas, saídas e comunicação em palco. Mini-performance em sala para simular apresentação real.""}, {""titulo"": ""Atividade App/Desafio Alpha"", ""descricao"": ""Cada grupo grava um trecho de sua performance e posta no app. Legendar com o nome da música e o papel de cada integrante. Comentar em pelo menos 2 grupos diferentes.""}]}",2025-12-16 00:04:52.501355+00,2025-12-16 00:04:52.501355+00,
ec18f04f-e44f-4a0f-97d1-bb4eadb3931a,25,Ensaio Geral I,,2025-11-22,"Realizar ensaio geral do repertório da apresentação final, integrando grupos e ajustando aspectos técnicos e musicais.",,,,,A Fazer,2025-05-31 03:39:31.72478,,"{""tags"": [""Nível: Intermediário"", ""Público: 11+ anos, adolescentes, adultos"", ""Formato: Presencial + Digital (app)"", ""Ensaio"", ""Apresentação Final"", ""Coletivo""], ""modulo"": ""Módulo 16 – Preparação de Apresentação"", ""pdf_base"": [""Checklist Ensaio Geral.pdf"", ""Manual de Apresentações Coletivas.pdf""], ""avaliacao"": [""Participação no ensaio coletivo"", ""Pontualidade e disciplina durante o ensaio"", ""Cumprimento do desafio Alpha"", ""Contribuição para ajustes musicais""], ""checklist"": [""Instrumentos afinados e prontos"", ""Partituras/impressos organizados"", ""Espaço preparado para ensaio coletivo"", ""App testado para uploads de vídeos""], ""materiais"": [""PDF: Checklist Ensaio Geral"", ""Manual de Apresentações Coletivas"", ""Instrumentos e partituras"", ""Slides: cronograma da apresentação""], ""registros"": [""Vídeos/fotos do ensaio geral"", ""Relatório de ajustes realizados"", ""Lista de músicas revisadas""], ""observacoes"": [""Anotar pontos críticos do repertório que precisam ser reforçados"", ""Observar alunos com maior liderança musical"", ""Registrar tempo de execução total do repertório""], ""desafio_alpha"": ""Poste no app um trecho do ensaio geral e escreva sobre o que precisa melhorar. Comente no mínimo em dois colegas."", ""capitulo_manual"": ""Capítulo 23 – Ensaio Geral"", ""paginas_exercicio"": [""Revisão de todas as músicas ensaiadas"", ""Exercício: ajustes de entrada, dinâmica e finalização""], ""referencia_manual"": ""Capítulo 23 – Ensaio Geral: integração, disciplina e preparação final."", ""resumo_atividades"": [{""titulo"": ""Abertura/Integração"", ""descricao"": ""Breve devocional de motivação e foco coletivo. Reflexão: importância da disciplina e união para apresentações.""}, {""titulo"": ""Atividade Principal"", ""descricao"": ""Execução do repertório completo da apresentação final. Identificação de pontos fortes e fracos. Ajustes técnicos de postura, afinação e sincronia.""}, {""titulo"": ""Atividade App/Desafio Alpha"", ""descricao"": ""Registrar no app um trecho do ensaio (vídeo curto ou áudio) e escrever um comentário sobre o que precisa melhorar. Interagir com pelo menos 2 colegas com dicas ou elogios.""}]}",2025-12-16 00:04:52.501355+00,2025-12-16 00:04:52.501355+00,
f4ef0c67-c714-4152-a0c3-644d09d94d9d,16,Tecnologia na Música,,2025-09-20,"Apresentar ferramentas tecnológicas acessíveis para gravação e criação musical, estimular o uso de celular/tablet como recurso criativo e aproximar os alunos da produção musical digital.",,,,,Concluída,2025-05-31 03:39:31.72478,,"{""tags"": [""Nível: Intermediário"", ""Público: 11+ anos, adolescentes, adultos"", ""Formato: Presencial + Digital (app)"", ""Tecnologia Musical"", ""Gravação"", ""Looping""], ""modulo"": ""Módulo 8 – Música e Tecnologia"", ""pdf_base"": [""Guia de Gravação Caseira.pdf"", ""Manual de Apps Musicais.pdf""], ""avaliacao"": [""Participação na criação digital"", ""Capacidade de explorar recursos tecnológicos"", ""Cumprimento e postagem do desafio Alpha"", ""Colaboração em dupla""], ""checklist"": [""Celulares/tablets carregados"", ""Apps de gravação instalados/testados"", ""PDFs/slides liberados no app"", ""App da escola testado para uploads""], ""materiais"": [""PDF: Guia de Gravação Caseira"", ""PDF: Manual de Apps Musicais"", ""Slides: Exemplos de artistas independentes"", ""Vídeo: Tutorial básico de app de gravação"", ""Celulares/tablets com apps instalados""], ""registros"": [""Vídeos curtos de loops criados em sala"", ""Lista de apps usados e preferidos"", ""Notas sobre participação coletiva""], ""observacoes"": [""Observar alunos com mais facilidade tecnológica (podem ajudar outros)"", ""Registrar apps mais utilizados/funcionais"", ""Anotar dificuldades técnicas enfrentadas""], ""desafio_alpha"": ""Grave e poste no app um loop ou trecho musical feito no celular/tablet e comente em duas criações de colegas."", ""capitulo_manual"": ""Capítulo 14 – Introdução à Produção Musical Digital"", ""paginas_exercicio"": [""Exercício: gravar uma sequência rítmica simples"", ""Exercício: criar um loop usando app gratuito""], ""referencia_manual"": ""Capítulo 14 – Produção Musical Digital: gravação caseira, apps e looping criativo."", ""resumo_atividades"": [{""titulo"": ""Abertura/Integração"", ""descricao"": ""Debate inicial: como a tecnologia mudou a forma de ouvir e criar música? Apresentar exemplos de artistas que começaram com gravações caseiras.""}, {""titulo"": ""Atividade Principal"", ""descricao"": ""Demonstração prática de apps de gravação (BandLab, GarageBand, FL Mobile, etc.). Alunos criam em duplas um loop rítmico ou melódico simples. Compartilhamento em sala e discussão sobre dificuldades/encontradas.""}, {""titulo"": ""Atividade App/Desafio Alpha"", ""descricao"": ""Gravar e postar no app um loop ou trecho musical feito com celular/tablet. Pode ser ritmo, melodia ou combinação de sons. Comentar em pelo menos 2 criações de colegas.""}]}",2025-12-16 00:04:52.501355+00,2025-12-16 00:04:52.501355+00,
f925d0ab-4eb4-4502-aad5-5b617d0db260,24,Produção de Vídeo Musical,,2025-11-15,"Introduzir os alunos ao processo de produção de vídeo musical, estimulando a criatividade audiovisual e o registro de apresentações artísticas.",,,,,Concluída,2025-05-31 03:39:31.72478,,"{""tags"": [""Nível: Intermediário"", ""Público: 11+ anos, adolescentes, adultos"", ""Formato: Presencial + Digital (app)"", ""Vídeo Musical"", ""Produção"", ""Criatividade""], ""modulo"": ""Módulo 15 – Produção Audiovisual"", ""pdf_base"": [""Guia de Produção de Vídeo.pdf"", ""Manual de Gravação com Celular.pdf""], ""avaliacao"": [""Participação na produção do vídeo"", ""Criatividade no audiovisual"", ""Cumprimento do desafio Alpha"", ""Colaboração entre colegas""], ""checklist"": [""Celulares/tablets carregados"", ""Espaço organizado para gravação"", ""PDFs/slides liberados no app"", ""App testado para upload de vídeos""], ""materiais"": [""PDF: Guia de Produção de Vídeo"", ""PDF: Manual de Gravação com Celular"", ""Slides: Dicas de iluminação e enquadramento"", ""Vídeo: Exemplos de produções simples"", ""Celulares/tablets para gravação""], ""registros"": [""Vídeos produzidos pelos grupos"", ""Lista de músicas/trechos gravados"", ""Notas sobre engajamento na atividade""], ""observacoes"": [""Observar alunos com afinidade por tecnologia/mídia"", ""Registrar criatividade nas gravações"", ""Anotar dificuldades técnicas de filmagem""], ""desafio_alpha"": ""Poste no app um vídeo musical criado em grupo (com bastidores, se possível), escreva uma curiosidade na legenda e comente em dois vídeos de colegas."", ""capitulo_manual"": ""Capítulo 22 – Produção de Vídeo Musical"", ""paginas_exercicio"": [""Exercício: gravar trecho musical simples em vídeo"", ""Exercício: simular bastidores (making-of) de ensaio""], ""referencia_manual"": ""Capítulo 22 – Produção de Vídeo Musical: registro criativo, audiovisual e bastidores."", ""resumo_atividades"": [{""titulo"": ""Abertura/Integração"", ""descricao"": ""Debate inicial: como os clipes musicais impactam nossa forma de ver música? Exibição de exemplos de videoclipes criativos e simples.""}, {""titulo"": ""Atividade Principal"", ""descricao"": ""Divisão em grupos: cada grupo grava um pequeno vídeo musical (pode ser trecho de música, arranjo ou atividade da aula). Incluir cena de bastidores ou making-of. Apresentação dos vídeos para a turma.""}, {""titulo"": ""Atividade App/Desafio Alpha"", ""descricao"": ""Postar no app o vídeo musical criado em grupo (com bastidores, se possível). Escrever na legenda uma curiosidade sobre o processo e comentar em dois vídeos de colegas.""}]}",2025-12-16 00:04:52.501355+00,2025-12-16 00:04:52.501355+00,
fe1d98e4-3a4c-4cd2-a68e-b5b3a8e2e51c,10,Revisão e Mostra de Grupos,,2025-08-09,"Revisar conteúdos anteriores, fortalecer a prática coletiva e realizar uma mini-apresentação interna para desenvolver confiança e espírito de grupo.",,,,,Concluída,2025-05-31 03:39:31.72478,,"{""tags"": [""Nível: Intermediário"", ""Público: 11+ anos, adolescentes, adultos"", ""Formato: Presencial + Digital (app)"", ""Mostra"", ""Revisão"", ""Feedback""], ""modulo"": ""Módulo 3 – Revisão e Mostra de Grupos"", ""pdf_base"": [""Resumo das Aulas Anteriores.pdf""], ""avaliacao"": [""Participação e preparação para apresentação"", ""Expressão musical em grupo"", ""Cumprimento do desafio Alpha"", ""Capacidade de dar e receber feedback construtivo""], ""checklist"": [""Espaço preparado para apresentações"", ""Materiais revisados e disponíveis"", ""App testado para uploads e comentários""], ""materiais"": [""PDF: Resumo das Aulas Anteriores"", ""Slides: Pontos-chave revisados"", ""Vídeo: Mini-apresentações internas"", ""Formulário: Feedback dos colegas""], ""registros"": [""Fotos/vídeos das apresentações internas"", ""Feedbacks recebidos e dados"", ""Lista de grupos/apresentações""], ""observacoes"": [""Observar segurança dos alunos ao se apresentar"", ""Anotar sugestões de repertório para a apresentação final"", ""Registrar colaboração e incentivo mútuo""], ""desafio_alpha"": ""Grave um trecho da apresentação do seu grupo, poste no app e comente em pelo menos 2 apresentações de outros grupos."", ""capitulo_manual"": ""Capítulo 8 – Revisão, Apresentação e Feedback"", ""paginas_exercicio"": [""Revisão dos arranjos, ritmos e dinâmicas trabalhados""], ""referencia_manual"": ""Capítulo 8 – Revisão e Feedback: apresentação, autoavaliação, crescimento coletivo."", ""resumo_atividades"": [{""titulo"": ""Abertura/Integração"", ""descricao"": ""Dinâmica de aquecimento (ritmo ou canto em círculo); conversa sobre aprendizados favoritos até agora.""}, {""titulo"": ""Atividade Principal"", ""descricao"": ""Ensaio dos grupos para a mini-apresentação; prática de repertório livremente escolhida pelo grupo; apresentação interna para a turma; cada grupo recebe feedback dos colegas e professor.""}, {""titulo"": ""Atividade App/Desafio Alpha"", ""descricao"": ""Gravar um trecho da apresentação do grupo, postar no app e comentar em ao menos 2 apresentações de outros grupos.""}]}",2025-12-16 00:04:52.501355+00,2025-12-16 00:04:52.501355+00,