id,nome,origem,criador_principal,ano_desenvolvimento,descricao_resumo,principios_fundamentais,faixa_etaria_ideal,instrumentos_principais,vantagens,limitacoes,aplicacao_brasileira,bibliografia,conteudo_completo,url_material_apoio,ativa,created_at
0ec4c24d-f88c-4fc4-b06d-87f686e95250,Método Suzuki,Japão,Shinichi Suzuki (1898-1998),1945,"Abordagem que parte do princípio de que todas as crianças podem aprender música da mesma forma que adquirem sua língua materna — por imitação, repetição, ambiente rico e incentivo familiar.","[""Toda criança pode - Não há crianças sem talento; o potencial é universal"",""Aprendizagem pelo ouvido - Ensino começa pela escuta ativa, depois imitação, só então leitura musical"",""Repetição constante - A maestria vem da repetição diária, com alegria e incentivo"",""Ambiente e família - Os pais são co-educadores; a casa deve ser um ambiente musical"",""Desenvolvimento humano - Objetivo vai além da música: formar bons cidadãos, sensíveis e colaborativos"",""Início precoce - Crianças podem começar aos 3-4 anos, antes de aprender a ler""]",3 a 10 anos (início precoce ideal),"[""Violino"",""Violoncelo"",""Piano"",""Flauta doce"",""Violão"",""Viola""]","[""Inclusão universal - Crianças com e sem deficiências podem evoluir"",""Apoio familiar - Melhora vínculo família-aluno-escola"",""Aprendizagem natural - Reduz ansiedade e pressão por resultados rápidos"",""Resultados sólidos - Gera instrumentistas técnicos, musicais e disciplinados"",""Motivação pela conquista - Crianças valorizadas por cada pequena vitória"",""Comunidade forte - Recitais coletivos formam redes de apoio e amizade""]","[""Dependência do ambiente familiar - Se pais não se envolvem, o progresso é prejudicado"",""Leitura musical tardia - Pode atrasar autonomia em repertórios novos ou fora do método"",""Custo elevado - Aulas, instrumentos e dedicação dos pais nem sempre acessíveis"",""Rigidez do repertório - Falta de flexibilidade e limitação a peças ocidentais tradicionais"",""Desigualdade de acesso - Exige dedicação de tempo dos pais, difícil para famílias vulneráveis""]","No Brasil, o Método Suzuki conquistou espaço em escolas particulares, projetos sociais e inclusão, especialmente para cordas, piano e violão. Destaque para: Orquestra de Cordas da Grota (Niterói/RJ) em comunidades carentes com adaptação cultural e repertório brasileiro; Escolas Suzuki (SP, Porto Alegre, Brasília) com adaptações para música popular; Aplicação bem-sucedida com crianças com deficiência visual e TEA. Desafios incluem barreira de acesso a instrumentos e dificuldade de envolver pais em regiões periféricas.","REFERÊNCIAS:
• SUZUKI, Shinichi. Nurtured by Love: The Classic Approach to Talent Education. Alfred Music, 1969
• HERMAN, J. Teaching Suzuki: An International Overview. Stringendo, 2012
• KENDALL, J. The Suzuki Violin Method in America. American Suzuki Journal, 2015
• VASCONCELLOS, M. O Método Suzuki no Brasil: Aproximações e Distanciamentos. Revista ABEM, 2007
• KIM, E. The Suzuki Approach and Its Impact on Music Education in South America. Latin American Music Review, 2013
• SOUZA, P. Adaptação do Método Suzuki em projetos sociais brasileiros. Encontro Nacional de Educação Musical, 2019","MÉTODO SUZUKI - TALENT EDUCATION

FILOSOFIA CENTRAL:
""O talento não é um dom inato, mas pode ser desenvolvido. Todas as crianças, dadas as condições certas, podem alcançar alto nível musical e humano."" — Shinichi Suzuki

HISTÓRIA E CONTEXTO:
O Método Suzuki foi desenvolvido no Japão do pós-guerra (1940-1960) pelo violinista Shinichi Suzuki. Inspirado na observação de que toda criança aprende a falar sua língua nativa com fluência através da escuta, repetição e ambiente estimulante, Suzuki propôs transportar essa lógica para a música, criando o conceito de ""Educação do Talento"" (Talent Education). O método defende que não há crianças ""sem talento""; o potencial é universal e pode ser desenvolvido com as condições adequadas.

CARACTERÍSTICAS METODOLÓGICAS:
• Repertório progressivo cuidadosamente sequenciado
• Envolvimento direto dos pais nas aulas e prática diária
• Aulas individuais complementadas com ensaios coletivos
• Avaliação processual sem provas formais
• Apresentações em grupo para criar comunidade
• Escuta diária de gravações como parte do ambiente musical

EXEMPLOS DE APLICAÇÃO:

1. PRIMEIRAS 4 SEMANAS:
   • Semana 1: Ouvindo e Imitando - escuta de gravações, imitação de frases curtas
   • Semana 2: Primeiros Sons - postura, produção de nota aberta, incentivo familiar
   • Semana 3: Construindo Rotina - pequenos desafios diários, registro do progresso
   • Semana 4: Apresentação Coletiva - tocar juntos, celebrar conquistas

2. ROTEIRO DE AULA (40 minutos):
   • Escuta ativa (5 min)
   • Exercício de imitação (10 min)
   • Técnica/postura (10 min)
   • Prática em grupo (10 min)
   • Compartilhamento/reflexão (5 min)

3. PROJETO SOCIAL ADAPTADO:
   Aulas coletivas com reforço comunitário, instrumentos acessíveis (violão, flauta), repertório brasileiro e gospel, apresentações comunitárias. Público: Comunidades carentes.

CARACTERÍSTICAS PRÁTICAS:
• Nível de dificuldade de implementação: 4/5 (Alto - requer envolvimento familiar intenso)
• Requer: Instrumento adequado, ambiente familiar musical, dedicação diária, professor certificado
• Resultados: Técnica instrumental sólida, disciplina, vínculo familiar, musicalidade desenvolvida",https://www.youtube.com/results?search_query=suzuki+method+demonstration,true,2025-10-27 17:39:08.626678
170a4a16-fb65-42ed-8e73-27350bf4e5e6,Dalcroze Euritmia,Suíça,Émile Jaques-Dalcroze,1905,"Método que desenvolve a musicalidade através do movimento corporal, conectando corpo, mente e música de forma integrada.","[""Movimento como base da musicalidade"",""Integração corpo-mente-música"",""Improvisação corporal"",""Desenvolvimento da escuta ativa"",""Coordenação e ritmo"",""Expressão criativa""]",4-16 anos (adaptável para adultos),"[""Corpo humano (principal)"",""Piano (acompanhamento)"",""Pequenos instrumentos""]","[""Desenvolve coordenação motora"",""Melhora consciência corporal"",""Integra múltiplas habilidades"",""Acessível (corpo é o instrumento)"",""Base sólida para qualquer instrumento""]","[""Requer espaço físico adequado"",""Formação específica do professor"",""Pode gerar timidez inicial"",""Dificuldade de adaptação remota""]","Aplicado no Brasil principalmente em conservatórios, universidades e escolas de dança, com adaptações que incluem ritmos brasileiros e movimentos da cultura popular.","Jaques-Dalcroze, E. (1921). Rhythm, Music and Education; MADUREIRA, J. (2008). A Euritmia de Dalcroze; FONSECA, E. (2014). Corpo e Movimento na Educação Musical.","O movimento é a base de toda arte musical. O ritmo é movimento, e o movimento é físico, corporal. Para compreender ritmo, é preciso experimentá-lo corporalmente.",,true,2025-09-22 13:26:34.1781
1c4432ee-380e-4da6-a344-69e8fea0521f,Berklee/Abordagem Contemporânea,Estados Unidos,Lawrence Berk e Gary Burton,1945,"Filosofia pedagógica focada em música popular, jazz, criatividade, performance ao vivo, gravação, composição e integração com tecnologia digital.","[""Learning by doing (aprender fazendo)"",""Currículo flexível e adaptável"",""Tecnologia musical integrada"",""Improvisação e autoria"",""Diversidade e internacionalização"",""Conexão com mercado musical""]",16+ anos (ensino superior/técnico),"[""Guitarra"",""Baixo"",""Bateria"",""Teclado"",""Voz"",""Tecnologia/DAW"",""Instrumentos étnicos""]","[""Forma músicos prontos para mercado"",""Integra tecnologia moderna"",""Desenvolve empreendedorismo musical"",""Diversidade de estilos"",""Networking internacional""]","[""Foco comercial pode limitar experimentação"",""Custo elevado de equipamentos"",""Pode negligenciar fundamentos clássicos"",""Pressão por resultados comerciais""]","Influencia escolas como Conservatório Souza Lima, EM&T, UnB, com adaptações que incluem MPB, sertanejo, funk e outros gêneros brasileiros.","KUSEK, D. (2005). The Future of Music; GROSS, S. (2013). Berklee Practice Method; FERREIRA, C. (2019). O Ensino de Música Popular: A Influência da Berklee no Brasil.","Mais importante do que aprender notas, é aprender a pensar, criar, improvisar e se conectar com o público. Forma músicos criativos, independentes e aptos para o mercado contemporâneo.",,true,2025-09-22 13:35:13.889853
21a73eeb-8e1b-4817-90e5-cd053a74bcf6,Musical Futures,Reino Unido,Paul Hamlyn Foundation,2003,"Aprendizagem informal focada em música popular, escolha do aluno, formação de bandas e tecnologia.","[""Aprendizagem informal"",""Música popular como base"",""Escolha do aluno (autonomia)"",""Aprender fazendo - bandas"",""Tecnologia e gravação integradas""]",Adolescentes e adultos (11+ anos),"[""Guitarra elétrica"",""Baixo"",""Bateria"",""Teclado"",""Voz"",""Equipamentos de gravação""]","[""Alta motivação"",""Desenvolve autonomia"",""Aprendizagem colaborativa"",""Relevante para música contemporânea"",""Prepara para indústria musical""]","[""Pode negligenciar fundamentos teóricos"",""Requer equipamentos modernos""]","Muito aplicável no Brasil - cultura de bandas escolares, valorização da música popular (MPB, rock, gospel, sertanejo).",,"Musical Futures adota práticas de aprendizagem informal dos músicos populares. Alunos formam bandas, escolhem músicas, aprendem por tentativa e erro. No Nipo School: Ciclo Intermediário para bandas e projetos autorais.",,true,2025-10-26 13:29:05.142119
28997dfd-0064-46de-a996-ac67c8e2deab,Método Suzuki,Japão,Shinichi Suzuki (1898-1998),1945,"Abordagem que parte do princípio de que todas as crianças podem aprender música da mesma forma que adquirem sua língua materna — por imitação, repetição, ambiente rico e incentivo familiar.","[""Toda criança pode - Não há crianças sem talento; o potencial é universal"",""Aprendizagem pelo ouvido - Ensino começa pela escuta ativa, depois imitação, só então leitura musical"",""Repetição constante - A maestria vem da repetição diária, com alegria e incentivo"",""Ambiente e família - Os pais são co-educadores; a casa deve ser um ambiente musical"",""Desenvolvimento humano - Objetivo vai além da música: formar bons cidadãos, sensíveis e colaborativos"",""Início precoce - Crianças podem começar aos 3-4 anos, antes de aprender a ler""]",3 a 10 anos (início precoce ideal),"[""Violino"",""Violoncelo"",""Piano"",""Flauta doce"",""Violão"",""Viola""]","[""Inclusão universal - Crianças com e sem deficiências podem evoluir"",""Apoio familiar - Melhora vínculo família-aluno-escola"",""Aprendizagem natural - Reduz ansiedade e pressão por resultados rápidos"",""Resultados sólidos - Gera instrumentistas técnicos, musicais e disciplinados"",""Motivação pela conquista - Crianças valorizadas por cada pequena vitória"",""Comunidade forte - Recitais coletivos formam redes de apoio e amizade""]","[""Dependência do ambiente familiar - Se pais não se envolvem, o progresso é prejudicado"",""Leitura musical tardia - Pode atrasar autonomia em repertórios novos ou fora do método"",""Custo elevado - Aulas, instrumentos e dedicação dos pais nem sempre acessíveis"",""Rigidez do repertório - Falta de flexibilidade e limitação a peças ocidentais tradicionais"",""Desigualdade de acesso - Exige dedicação de tempo dos pais, difícil para famílias vulneráveis""]","No Brasil, o Método Suzuki conquistou espaço em escolas particulares, projetos sociais e inclusão, especialmente para cordas, piano e violão. Destaque para: Orquestra de Cordas da Grota (Niterói/RJ) em comunidades carentes com adaptação cultural e repertório brasileiro; Escolas Suzuki (SP, Porto Alegre, Brasília) com adaptações para música popular; Aplicação bem-sucedida com crianças com deficiência visual e TEA. Desafios incluem barreira de acesso a instrumentos e dificuldade de envolver pais em regiões periféricas.","REFERÊNCIAS:
• SUZUKI, Shinichi. Nurtured by Love: The Classic Approach to Talent Education. Alfred Music, 1969
• HERMAN, J. Teaching Suzuki: An International Overview. Stringendo, 2012
• KENDALL, J. The Suzuki Violin Method in America. American Suzuki Journal, 2015
• VASCONCELLOS, M. O Método Suzuki no Brasil: Aproximações e Distanciamentos. Revista ABEM, 2007
• KIM, E. The Suzuki Approach and Its Impact on Music Education in South America. Latin American Music Review, 2013
• SOUZA, P. Adaptação do Método Suzuki em projetos sociais brasileiros. Encontro Nacional de Educação Musical, 2019","MÉTODO SUZUKI - TALENT EDUCATION

FILOSOFIA CENTRAL:
""O talento não é um dom inato, mas pode ser desenvolvido. Todas as crianças, dadas as condições certas, podem alcançar alto nível musical e humano."" — Shinichi Suzuki

HISTÓRIA E CONTEXTO:
O Método Suzuki foi desenvolvido no Japão do pós-guerra (1940-1960) pelo violinista Shinichi Suzuki. Inspirado na observação de que toda criança aprende a falar sua língua nativa com fluência através da escuta, repetição e ambiente estimulante, Suzuki propôs transportar essa lógica para a música, criando o conceito de ""Educação do Talento"" (Talent Education). O método defende que não há crianças ""sem talento""; o potencial é universal e pode ser desenvolvido com as condições adequadas.

CARACTERÍSTICAS METODOLÓGICAS:
• Repertório progressivo cuidadosamente sequenciado
• Envolvimento direto dos pais nas aulas e prática diária
• Aulas individuais complementadas com ensaios coletivos
• Avaliação processual sem provas formais
• Apresentações em grupo para criar comunidade
• Escuta diária de gravações como parte do ambiente musical

EXEMPLOS DE APLICAÇÃO:

1. PRIMEIRAS 4 SEMANAS:
   • Semana 1: Ouvindo e Imitando - escuta de gravações, imitação de frases curtas
   • Semana 2: Primeiros Sons - postura, produção de nota aberta, incentivo familiar
   • Semana 3: Construindo Rotina - pequenos desafios diários, registro do progresso
   • Semana 4: Apresentação Coletiva - tocar juntos, celebrar conquistas

2. ROTEIRO DE AULA (40 minutos):
   • Escuta ativa (5 min)
   • Exercício de imitação (10 min)
   • Técnica/postura (10 min)
   • Prática em grupo (10 min)
   • Compartilhamento/reflexão (5 min)

3. PROJETO SOCIAL ADAPTADO:
   Aulas coletivas com reforço comunitário, instrumentos acessíveis (violão, flauta), repertório brasileiro e gospel, apresentações comunitárias. Público: Comunidades carentes.

CARACTERÍSTICAS PRÁTICAS:
• Nível de dificuldade de implementação: 4/5 (Alto - requer envolvimento familiar intenso)
• Requer: Instrumento adequado, ambiente familiar musical, dedicação diária, professor certificado
• Resultados: Técnica instrumental sólida, disciplina, vínculo familiar, musicalidade desenvolvida",https://www.youtube.com/results?search_query=suzuki+method+demonstration,true,2025-10-27 17:42:22.185297
2f1b5c5b-5485-4139-ae4e-9f65fdabf3b3,Dalcroze/Euritmia,Suíça,Émile Jaques-Dalcroze (1865-1950),1905,"Abordagem que integra movimento corporal, percepção rítmica, improvisação e consciência do espaço. Propõe que o corpo é o primeiro instrumento musical e que o aprendizado depende do engajamento físico.","[""Euritmia - O corpo como meio de internalizar ritmo, tempo, fraseado e dinâmica musical"",""Movimento espontâneo - Uso de caminhada, corrida, gestos e dança livre para sentir música"",""Improvisação corporal - Estímulo à criatividade, expressão e comunicação não-verbal"",""Interação entre ouvir, sentir e agir - Sincronização de percepção auditiva e ação física"",""Consciência espacial - Exploração do espaço, direções, níveis, formações coletivas"",""Desenvolvimento integral - Corpo, mente, emoção, coordenação, expressão""]",Todas as idades (3 a 99 anos - especialmente eficaz de 4 a 12 anos),"[""Corpo (instrumento principal)"",""Movimento e dança"",""Voz"",""Percussão leve complementar"",""Piano para acompanhamento""]","[""Desenvolvimento global - Ritmo, coordenação, expressão, consciência espacial, lateralidade, autoestima"",""Inclusão e acessibilidade - Apropriado para todas as idades, pessoas PCD e necessidades especiais"",""Preparação para artes integradas - Beneficia dança, teatro, esportes, aprendizagem cognitiva"",""Acolhimento emocional - Movimenta energia, promove bem-estar, estimula coletivo"",""Baixo custo material - Pouco ou nenhum instrumento necessário"",""Eficácia com diversidade - Funciona com diferentes perfis e contextos""]","[""Percepção de falta de técnica - Pode ser visto como brincadeira sem foco técnico"",""Necessidade de espaço físico - Resultados melhores em salas amplas, ventiladas, seguras"",""Formação docente específica - Eficácia depende fortemente do preparo do professor"",""Resistência de adolescentes - Podem rejeitar dinâmicas corporais sem motivação/adaptação"",""Pouca formalização teórica - Se não combinado, déficit em leitura musical e técnica instrumental""]","No Brasil, a euritmia é reconhecida em: Escolas Waldorf (currículo obrigatório desde primeira infância); Projetos de musicalização infantil em BH, SP e Porto Alegre; Universidades (UFBA, UFMG, UNESP) em cursos de licenciatura e extensão; Terapia e inclusão (crianças autistas, surdas, TDAH, deficiências motoras) com resultados em autoconfiança e socialização; Companhias de dança e teatro (oficinas de ritmo corporal). Adaptações incluem fusão com dança contemporânea, teatro educativo e musicoterapia, uso de músicas atuais para adolescentes.","REFERÊNCIAS:
• JAQUES-DALCROZE, Émile. Rhythm, Music and Education. London: Putnam, 1921
• CHODOS, E. The Dalcroze Method Today. Music Educators Journal, 2004
• MIRANDA, E. A Abordagem Dalcroze na Musicalização Brasileira. Anais da ABEM, 2016
• FERREIRA, A. Euritmia, Movimento e Música na Escola Brasileira. Dissertação UFMG, 2013
• FRANÇA, T. Ritmo e Movimento: Dalcroze na Educação Infantil. Revista Música e Movimento, 2018
• COSTA, L. Inclusão de Crianças com TEA pela Euritmia. Seminário de Educação Musical, 2017","DALCROZE/EURITMIA - RITMO, MOVIMENTO E CONSCIÊNCIA CORPORAL

FILOSOFIA CENTRAL:
""O ritmo é o motor da música, e o corpo é seu veículo natural. Aprender música é sincronizar percepção auditiva e ação física."" — Émile Jaques-Dalcroze

HISTÓRIA E CONTEXTO:
O Método Dalcroze, ou Euritmia, nasceu no final do século XIX em Genebra, Suíça, como resposta à rigidez do ensino musical tradicional e à carência de musicalidade real entre músicos profissionais. Émile Jaques-Dalcroze, compositor e pedagogo, defendia que ritmo e musicalidade devem ser vividos antes de serem racionalizados. O método propõe que o corpo é o veículo natural do ritmo, usando movimento espontâneo, caminhada, corrida, gestos e dança livre para sentir e entender música, integrando percepção auditiva e ação física.

ELEMENTOS PRÁTICOS:
• Aulas práticas e coletivas com exploração do espaço
• Atividades lúdicas, jogos de ritmo e dramatizações
• Improvisação corporal e expressão livre
• Integração com dança, teatro e artes visuais
• Aplicação em musicoterapia e reabilitação

EXEMPLOS DE APLICAÇÃO:

1. SEQUÊNCIA ""SENTINDO O RITMO"" (4 semanas):
   • Semana 1: Caminhada livre e batidas de palmas com diferentes pulsações
   • Semana 2: Jogos de imitação de movimentos, resposta corporal a estímulos sonoros
   • Semana 3: Improvisação e espaço - criação de movimentos para diferentes emoções/músicas
   • Semana 4: Dramatização de uma música/poema com movimentos criados pelos alunos

2. ROTEIRO DE AULA (40 minutos):
   • Aquecimento corporal (5 min)
   • Jogo rítmico em círculo (10 min)
   • Exploração do espaço e movimento livre (10 min)
   • Atividade de improvisação (10 min)
   • Encerramento e roda de conversa (5 min)

3. INCLUSÃO E TERAPIA:
   Atividades adaptadas para PCD, ênfase em expressão livre, escuta e participação em grupo. Uso em reabilitação motora e desenvolvimento socioemocional. Público: Crianças e adolescentes com necessidades especiais.

CARACTERÍSTICAS PRÁTICAS:
• Nível de dificuldade de implementação: 4/5 (Alto - requer espaço e formação específica)
• Requer: Espaço amplo e seguro, professor capacitado em movimento e ritmo, abertura institucional
• Resultados: Consciência corporal, ritmo internalizado, expressividade, inclusão efetiva, bem-estar",https://www.youtube.com/results?search_query=dalcroze+eurhythmics+demonstration,true,2025-10-27 17:39:08.626678
3270f6b0-3700-4e24-b52d-602056a196f4,Método Suzuki,Japão,Shinichi Suzuki,1946,"Filosofia educacional baseada na ""Educação do Talento"", onde toda criança pode aprender música naturalmente, como aprende a falar.","[""Toda criança pode aprender"",""Método da língua materna"",""Participação dos pais"",""Escuta repetitiva"",""Início precoce (3-4 anos)"",""Repertório padrão sequencial""]",3-12 anos (início ideal 3-4 anos),"[""Violino"",""Piano"",""Violoncelo"",""Viola"",""Flauta""]","[""Desenvolve disciplina e concentração"",""Fortalece vínculos familiares"",""Técnica sólida desde o início"",""Comunidade de aprendizagem"",""Resultados comprovados mundialmente""]","[""Requer investimento em instrumento de qualidade"",""Demanda participação intensa dos pais"",""Pode ser rígido na estrutura"",""Foco inicial apenas na técnica""]","No Brasil, o método é aplicado principalmente em escolas especializadas e conservatórios, com adaptações que incluem repertório brasileiro e maior flexibilidade cultural.","Suzuki, S. (1983). Nurtured by Love; ILARI, B. (2006). Música, comportamento social e relações interpessoais; FONTERRADA, M. (2008). De Tramas e Fios.","O talento não é algo herdado, mas uma habilidade que pode ser desenvolvida. Assim como todas as crianças aprendem a falar sua língua materna, elas também podem aprender música se o ambiente for adequado.",,true,2025-09-22 13:26:34.1781
3b8bf4d8-c3d3-43dd-88e9-4ef02c12b7b6,PRESTO Project/Ensino Digital,União Europeia/Internacional,Consórcio PRESTO,2010,"Metodologia de ensino musical que integra tecnologias digitais, recursos online, gamificação e aprendizagem colaborativa em rede.","[""Integração de tecnologias digitais"",""Aprendizagem colaborativa em rede"",""Gamificação do ensino musical"",""Recursos educacionais abertos"",""Flexibilidade temporal e geográfica"",""Avaliação formativa digital""]",8+ anos,"[""Tablets"",""Smartphones"",""Computadores"",""Instrumentos digitais"",""Apps musicais""]","[""Acessibilidade geográfica"",""Engajamento através da gamificação"",""Recursos sempre atualizados"",""Aprendizagem no próprio ritmo"",""Conexão global entre estudantes""]","[""Dependência de infraestrutura tecnológica"",""Exclusão digital de alguns públicos"",""Pode reduzir interação humana"",""Necessita atualizações constantes""]","No Brasil, inspirou plataformas como Cifra Club, aplicativos de ensino musical e projetos de educação à distância em música.","GALL, M. (2017). Digital Music Education; RUTHMANN, A. (2018). Technology and Music Education; SILVA DIGITAL BRASIL (2020). Ensino Musical Online no Brasil.","A tecnologia deve amplificar as possibilidades de criação, colaboração e expressão musical, não substituir a experiência humana, mas enriquecê-la.",,true,2025-09-22 13:35:13.889853
447a19c3-e238-4fea-8caa-2235891d00cd,Gordon Music Learning Theory,Estados Unidos,Edwin E. Gordon,1960,"Teoria avançada de aprendizagem musical baseada no conceito de ""audiation"" - a capacidade de pensar e compreender música internamente antes de executar, ler ou escrever.","[""Audiation como base do aprendizado"",""Aprendizagem sequencial (Escuta → Imitar → Audiation → Improvisar → Leitura)"",""Canto sem palavras com sílabas neutras"",""Exposição a ritmos e tonalidades variadas"",""Improvisação desde cedo"",""Avaliação de aptidão musical""]",Todas as idades (especialmente 0-9 anos),"[""Voz"",""Instrumentos melódicos"",""Teclado"",""Percussão""]","[""Desenvolve pensamento musical interno"",""Base científica sólida"",""Forma músicos criativos e autônomos"",""Melhora capacidade de improvisação"",""Avaliação objetiva de aptidão""]","[""Metodologia complexa para professores"",""Requer formação específica"",""Material específico necessário"",""Pode ser abstrato para iniciantes""]","Influencia universidades brasileiras e professores inovadores, especialmente na formação auditiva e desenvolvimento do pensamento musical.","Gordon, E. (2007). Learning Sequences in Music; Gordon, E. (2012). Music Learning Theory for Newborn; OLIVEIRA, A. (2015). Audiation e Educação Musical no Brasil.","Audiation é para a música o que o pensamento é para a linguagem. A Music Learning Theory vai além do ensino mecânico, formando músicos capazes de compreender, criar e improvisar em qualquer contexto musical.",,true,2025-09-22 13:43:04.62662
50df9fb8-3d5e-441f-b32b-e791c91ee7e7,Método Kodály,Hungria,Zoltán Kodály,1940,"Metodologia que coloca o canto como base da educação musical, usando canções folclóricas nacionais, solfejo relativo (dó móvel), manossolfa (sinais manuais) e leitura musical desde cedo.","[""Canto como base da educação musical"",""Uso de canções folclóricas nacionais"",""Solfejo relativo (dó móvel)"",""Manossolfa (sinais manuais para notas)"",""Leitura e escrita musical desde cedo""]",A partir de 3 anos (maternal até adultos),"[""Voz humana (canto - principal)"",""Instrumentos melódicos auxiliares"",""Percussão corporal"",""Instrumentos de lâminas""]","[""Desenvolvimento de audição interna"",""Alfabetização musical eficiente"",""Valorização da cultura local (folclore)"",""Não requer instrumentos caros"",""Formação musical completa""]","[""Requer professor com formação específica"",""Processo pode parecer lento inicialmente"",""Foco predominante em música vocal""]","Adaptado no Brasil com canções folclóricas brasileiras (cantigas de roda, cirandas, cocos, etc). Utilizado em conservatórios e escolas de música. Integra-se bem com música popular brasileira.",,"Método Kodály, desenvolvido pelo compositor e educador húngaro Zoltán Kodály (1940), fundamenta-se na premissa de que música é direito de todos e deve começar pela voz.

Elementos centrais: Canções folclóricas como repertório base, solfejo relativo (dó móvel) para mobilidade tonal, manossolfa de John Curwen (sinais manuais para alturas), ritmo com sílabas (ta, ti-ti, etc), leitura musical através de repertório conhecido.

No Nipo School: Aplicado no Ciclo Fundamental (8-11 anos) para alfabetização musical, desenvolvimento de audição interna e construção de repertório vocal brasileiro.",,true,2025-10-26 13:27:39.624915
6088e121-a6b4-4b3d-af81-0074ce66fb9c,Berklee - Abordagem Contemporânea,EUA,Berklee College of Music,1945,"Metodologia focada em música popular e contemporânea, improvisação jazzística, produção musical moderna, tecnologia e empreendedorismo na carreira musical.","[""Música popular e contemporânea"",""Improvisação jazzística e moderna"",""Produção musical com tecnologia"",""Indústria musical e empreendedorismo"",""Networking e colaboração profissional""]",Jovens e adultos (15+ anos),"[""Todos os instrumentos"",""Tecnologia de produção (DAW)"",""Equipamentos de estúdio"",""Software musical""]","[""Preparação para carreira profissional"",""Repertório contemporâneo e relevante"",""Integração de tecnologia avançada"",""Networking com indústria"",""Empreendedorismo musical"",""Foco em criação e autoria""]","[""Requer investimento em equipamentos"",""Menos adequado para iniciantes"",""Pode ser intimidador sem base prévia""]","Influência forte no Brasil através de professores formados em Berklee. Aplicável em cursos de música popular, produção e tecnologia musical.",,"Berklee College of Music (Boston, 1945) revolucionou ensino ao focar em jazz e música popular quando conservatórios ensinavam apenas clássico. Metodologia inclui: teoria aplicada a estilos populares, improvisação como core skill, produção e gravação, music business, colaboração em projetos reais. No Nipo School: Ciclo Avançado para profissionalização, produção e carreira musical.",,true,2025-10-26 13:29:25.695375
660ec786-28c7-4c89-a7f1-535b42e86650,Musical Futures,Reino Unido,Paul Hamlyn Foundation e Trinity College London,2003,"Abordagem informal de aprendizagem musical que coloca os alunos no centro, usando música popular e tecnologias contemporâneas.","[""Aprendizagem centrada no aluno"",""Música popular como base"",""Aprender tocando (learning by doing)"",""Uso de tecnologia"",""Colaboração e performance"",""Diversidade musical""]",11-18 anos (foco no ensino médio),"[""Guitarra"",""Baixo"",""Bateria"",""Teclado"",""Voz"",""Tecnologia digital""]","[""Alto engajamento dos estudantes"",""Relevância cultural contemporânea"",""Desenvolve autonomia"",""Inclui diferentes estilos musicais"",""Prepara para indústria musical atual""]","[""Pode negligenciar teoria musical formal"",""Requer equipamentos modernos"",""Resistência de educadores tradicionais"",""Dificuldade de avaliação formal""]","No Brasil, tem sido adaptado em escolas inovadoras e projetos sociais, incorporando música brasileira popular e urbana, especialmente em contextos de periferia.","Green, L. (2008). Music, Informal Learning and the School; D'AMORE, A. (2009). Musical Futures: an approach to teaching and learning; ARROYO, M. (2013). Música na educação básica.",Os jovens aprendem música de forma natural e intuitiva fora da escola. Por que não trazer essa forma de aprender para dentro da educação formal?,,true,2025-09-22 13:26:34.1781
74f5d021-b382-4eb2-b160-c10885817cb2,Waldorf Steiner,Alemanha/Áustria,Rudolf Steiner,1919,"Pedagogia que busca desenvolvimento integral (corpo, alma, espírito) através de música conectada com natureza, sazonalidade e uso de pentatonismo inicial.","[""Desenvolvimento integral (corpo, alma, espírito)"",""Música conectada com natureza e sazonalidade"",""Pentatonismo inicial"",""Integração com movimento e artes"",""Desenvolvimento gradual segundo idade""]",Todas as idades,"[""Flauta pentatônica"",""Lira"",""Percussão simples"",""Voz"",""Instrumentos naturais""]","[""Abordagem holística"",""Respeita desenvolvimento infantil"",""Integra música com outras artes"",""Valoriza criatividade natural"",""Ambiente acolhedor e orgânico""]","[""Progressão pode parecer lenta"",""Material específico nem sempre acessível"",""Menos foco em técnica instrumental avançada""]",Escolas Waldorf estabelecidas no Brasil. Integra-se com manifestações culturais locais e valorização de materiais naturais.,,"Pedagogia Waldorf (Rudolf Steiner, 1919) organiza ensino em setênios (ciclos de 7 anos). Música está presente diariamente através de canções sazonais, jogos rítmicos, flautas pentatônicas (1º setênio), diatônicas (2º setênio) e repertório progressivo. No Nipo School: Ciclo Inicial para conexão com natureza e desenvolvimento sensorial.",,true,2025-10-26 13:29:25.695375
75b72131-c678-4f34-97d5-fef93a8c8003,Lincoln Center Education,Estados Unidos,Lincoln Center Institute,1975,"Abordagem que usa as artes como ferramenta de ensino-aprendizagem, desenvolvendo capacidades estéticas, pensamento crítico e conexões interdisciplinares.","[""Arte como ferramenta de aprendizagem"",""Desenvolvimento de capacidades estéticas"",""Pensamento crítico através da arte"",""Experiência estética direta"",""Integração curricular"",""Formação de professores""]",6-18 anos,"[""Todos os instrumentos"",""Voz"",""Movimento"",""Artes visuais integradas""]","[""Desenvolve múltiplas inteligências"",""Melhora performance acadêmica"",""Conecta arte com outras disciplinas"",""Forma pensadores críticos"",""Metodologia bem documentada""]","[""Requer parcerias institucionais"",""Formação intensiva de professores"",""Pode ser vista como elitista"",""Recursos culturais específicos necessários""]","Adaptado no Brasil em parcerias com teatros e centros culturais, influenciando projetos educacionais que integram arte e educação formal.","GREENE, M. (2001). Variations on a Blue Guitar; DAVIS, J. (2008). Why Our Schools Need the Arts; BARBOSA, A.M. (2014). Abordagem Triangular no Brasil.","As artes oferecem maneiras únicas de conhecer e compreender o mundo, desenvolvendo capacidades que nenhuma outra disciplina pode oferecer.",,true,2025-09-22 13:43:04.62662
801fc656-27f9-47a4-b9e0-c538abdabbd6,Método Suzuki,Japão,Shinichi Suzuki,1945,"Método baseado no conceito ""Talento não é nato, é desenvolvido"". Utiliza aprendizado por imitação (método língua materna), com forte envolvimento dos pais, repetição constante e ambiente musical desde cedo.","[""Talento é desenvolvido, não nato"",""Aprendizado por imitação (método língua materna)"",""Envolvimento ativo dos pais no processo"",""Repetição e prática constante"",""Ambiente musical desde a primeira infância""]",A partir de 3 anos (ideal começar cedo),"[""Violino (principal)"",""Piano"",""Violoncelo"",""Flauta transversal"",""Viola""]","[""Desenvolvimento técnico sólido desde cedo"",""Formação de hábitos de prática"",""Envolvimento familiar fortalece aprendizado"",""Repertório gradual e bem estruturado"",""Método testado em milhões de crianças""]","[""Requer comprometimento intenso dos pais"",""Pode ser financeiramente exigente"",""Leitura musical é introduzida tardiamente"",""Menos ênfase em criatividade/improvisação""]","Presente no Brasil através de associações Suzuki, escolas de música e professores certificados. Adaptações incluem repertório brasileiro e integração com cultura local.",,"Método Suzuki, desenvolvido por Shinichi Suzuki no Japão pós-guerra (1945), revolucionou o ensino de instrumentos ao aplicar princípios da aquisição de língua materna ao aprendizado musical.

Princípios fundamentais: Toda criança pode aprender música (como aprende a falar), ambiente rico em música de qualidade desde bebê, imitação de modelos, repetição até domínio completo, pais como ""professores em casa"", início antes dos 6 anos.

No Nipo School: Aplicado no Ciclo Fundamental (8-11 anos) para desenvolvimento técnico instrumental, especialmente em violino, flauta e teclado.",,true,2025-10-26 13:27:39.624915
80c79847-9a85-443d-9682-6ce464c6f785,Orff Schulwerk,Alemanha,Carl Orff,1924,"Metodologia baseada em aprendizagem através da experiência, improvisação, criatividade e uso de instrumentos de percussão. Integra música, movimento e fala em ensino colaborativo.","[""Aprendizagem através da experiência prática"",""Improvisação e criatividade como base"",""Uso extensivo de instrumentos de percussão"",""Integração de música, movimento e fala"",""Ensino em grupo colaborativo""]",Todas as idades (especialmente crianças 6-12 anos),"[""Xilofones Orff"",""Metalofones"",""Instrumentos de percussão variados"",""Flautas doces"",""Instrumentos de efeito sonoro""]","[""Desenvolvimento da criatividade musical"",""Aprendizagem natural e lúdica"",""Adequado para grupos heterogêneos"",""Não requer leitura musical prévia"",""Promove socialização e trabalho em equipe""]","[""Instrumentos Orff específicos podem ser caros"",""Requer espaço físico adequado"",""Pode ser barulhento em ambientes pequenos""]","Amplamente adaptado no Brasil, especialmente em escolas de educação infantil e projetos sociais. Instrumentos de percussão brasileiros (pandeiro, agogô, caxixi) são facilmente integrados.",,"Orff Schulwerk é uma abordagem pedagógica criada por Carl Orff na Alemanha (1924). Baseia-se na ideia de ""música elementar"" - música que pode ser feita por todos, combinando movimento, canto, dança e execução instrumental.

A metodologia valoriza improvisação como processo criativo natural, exploração de sons e timbres, ostinatos rítmicos e melódicos, polirritmia e textura musical em camadas, repertório folclórico como base, e integração com outras artes.

No Nipo School: Aplicado principalmente no Ciclo Inicial (6-7 anos) para exploração criativa, jogos musicais e desenvolvimento da musicalidade de forma lúdica e colaborativa.",,true,2025-10-26 13:27:39.624915
8e0f3e15-ed41-4480-b735-9f6cf5a057ce,Princípio Alpha,Brasil,Equipe Nipo School,2025,"DNA metodológico que permeia todo o currículo da Nipo School, conectando tradição e inovação, presencial e digital, individual e coletivo, tornando o aprendizado musical mais divertido, transformador e acolhedor.","[""Desafios Semanais e Registro Digital"",""Aprendizagem Ativa e Protagonismo"",""Peer Learning (Aprendizagem entre Pares)"",""Integração App + Aula Presencial"",""Projetos e Dinâmicas Coletivas"",""Acompanhamento Individualizado"",""Feedback e Celebração Constante"",""Espiritualidade, Valores e Cultura Japonesa-Brasileira""]",Todas as idades,"[""Todos os instrumentos"",""Tecnologia digital"",""Aplicativo móvel"",""Mural digital""]","[""Engajamento através de desafios"",""Conecta tecnologia e presencial"",""Desenvolve protagonismo do aluno"",""Celebra conquistas constantemente"",""Integra valores e espiritualidade"",""Promove aprendizagem colaborativa""]","[""Dependente de tecnologia digital"",""Requer mudança cultural dos professores"",""Necessita infraestrutura tecnológica"",""Pode sobrecarregar com gamificação""]","Metodologia criada especialmente para o contexto brasileiro, integrando valores japoneses de disciplina e união com a alegria e espontaneidade brasileiras.",Nipo School (2025). Capítulo 0 - Princípios Alpha: Eixo Transversal do Currículo; Nipo School (2025). Guia de Aplicação Prática Alpha.,"O Eixo Alpha é mais que um método, é um jeito de viver a música: com protagonismo, desafio, colaboração, tecnologia, feedback e celebração. Conecta tradição e inovação, individual e coletivo, transformando o aprendizado musical em experiência transformadora e acolhedora.",,true,2025-09-22 13:43:04.62662
961c3237-92bb-434c-b36e-bde5ab62c1d6,PRESTO Project/Ensino Digital,União Europeia/Internacional,Consórcio PRESTO,2010,"Metodologia de ensino musical que integra tecnologias digitais, recursos online, gamificação e aprendizagem colaborativa em rede.","[""Integração de tecnologias digitais"",""Aprendizagem colaborativa em rede"",""Gamificação do ensino musical"",""Recursos educacionais abertos"",""Flexibilidade temporal e geográfica"",""Avaliação formativa digital""]",8+ anos,"[""Tablets"",""Smartphones"",""Computadores"",""Instrumentos digitais"",""Apps musicais""]","[""Acessibilidade geográfica"",""Engajamento através da gamificação"",""Recursos sempre atualizados"",""Aprendizagem no próprio ritmo"",""Conexão global entre estudantes""]","[""Dependência de infraestrutura tecnológica"",""Exclusão digital de alguns públicos"",""Pode reduzir interação humana"",""Necessita atualizações constantes""]","No Brasil, inspirou plataformas como Cifra Club, aplicativos de ensino musical e projetos de educação à distância em música.","GALL, M. (2017). Digital Music Education; RUTHMANN, A. (2018). Technology and Music Education; SILVA DIGITAL BRASIL (2020). Ensino Musical Online no Brasil.","A tecnologia deve amplificar as possibilidades de criação, colaboração e expressão musical, não substituir a experiência humana, mas enriquecê-la.",,true,2025-09-22 13:43:04.62662
a5277498-107b-4650-9ada-fbc61d1a2db1,Gordon Music Learning Theory,Estados Unidos,Edwin E. Gordon,1960,"Teoria avançada de aprendizagem musical baseada no conceito de ""audiation"" - a capacidade de pensar e compreender música internamente antes de executar, ler ou escrever.","[""Audiation como base do aprendizado"",""Aprendizagem sequencial (Escuta → Imitar → Audiation → Improvisar → Leitura)"",""Canto sem palavras com sílabas neutras"",""Exposição a ritmos e tonalidades variadas"",""Improvisação desde cedo"",""Avaliação de aptidão musical""]",Todas as idades (especialmente 0-9 anos),"[""Voz"",""Instrumentos melódicos"",""Teclado"",""Percussão""]","[""Desenvolve pensamento musical interno"",""Base científica sólida"",""Forma músicos criativos e autônomos"",""Melhora capacidade de improvisação"",""Avaliação objetiva de aptidão""]","[""Metodologia complexa para professores"",""Requer formação específica"",""Material específico necessário"",""Pode ser abstrato para iniciantes""]","Influencia universidades brasileiras e professores inovadores, especialmente na formação auditiva e desenvolvimento do pensamento musical.","Gordon, E. (2007). Learning Sequences in Music; Gordon, E. (2012). Music Learning Theory for Newborn; OLIVEIRA, A. (2015). Audiation e Educação Musical no Brasil.","Audiation é para a música o que o pensamento é para a linguagem. A Music Learning Theory vai além do ensino mecânico, formando músicos capazes de compreender, criar e improvisar em qualquer contexto musical.",,true,2025-09-22 13:35:13.889853
af065b43-5ca0-4771-a42c-11cada7ad6d0,Método Kodály,Hungria,Zoltán Kodály (1882-1967),1925,"Metodologia focada no canto coletivo, desenvolvimento auditivo, solfejo e uso do repertório popular/folclórico. Defende que a música deve pertencer a todos e o canto é o instrumento mais natural e acessível.","[""Canto como base universal - Todas as crianças podem cantar, independente de posses ou talentos"",""Musicalização precoce - Educação musical desde a infância, preferencialmente a partir dos 3 anos"",""Repertório nacional/popular - Uso de canções do folclore local, valorizando a cultura"",""Sistematicidade - Ensino progressivo, estruturado, com ênfase na leitura e escrita musical"",""Solfejo móvel (dó móvel) - Uso de sílabas (dó-ré-mi) para desenvolver percepção tonal"",""Gestos manuais (Curwen) - Sinais com as mãos para representar graus da escala""]",3 a 14 anos (excelente para formação coral e alfabetização musical),"[""Voz cantada (instrumento principal)"",""Gestos manuais (manossolfa)"",""Flauta doce"",""Percussão leve complementar""]","[""Base auditiva robusta - Forma ouvintes e músicos afinados, sensíveis à melodia e ritmo"",""Universalização - Acessível, sem necessidade de instrumentos caros"",""Integração curricular - Fácil articulação com outras disciplinas (língua, história, artes)"",""Alfabetização musical sólida - Facilita leitura e escrita musical"",""Valorização cultural - Resgate e fortalecimento da identidade musical regional"",""Desenvolvimento vocal - Melhora afinação, dicção, respiração e expressão""]","[""Enfoque excessivo no canto - Pode limitar desenvolvimento instrumental se não articulado"",""Rigidez curricular - Excesso de sistematização pode reduzir criatividade/experimentação"",""Adaptação cultural - Método criado para folclore húngaro, exige contextualização brasileira"",""Desmotivação de alunos instrumentistas - Se não integrado, pode ser visto como \""apenas cantar\"""",""Necessidade de repertório adequado - Risco de distanciamento cultural sem curadoria""]","No Brasil, o Kodály é utilizado em: Escolas públicas (MG, PE) com jogos de canto, ditados rítmicos e canções folclóricas; Corais infantis e juvenis (Coral UFMG, CoralUSP) para afinação e leitura à primeira vista; Formação docente via universidades federais (UFMG, UFBA, UFRJ). Adaptações incluem repertório brasileiro (cantigas de roda, música popular, gospel), integração com instrumentos (flauta, violão), e jogos de improvisação. Relatos mostram avanço em percepção auditiva, memória melódica e autoestima, especialmente em contextos de vulnerabilidade.","REFERÊNCIAS:
• KODÁLY, Zoltán. The Selected Writings of Zoltán Kodály. Boosey & Hawkes, 1974
• CHOKSY, Lois. The Kodály Method I & II. Prentice Hall, 1999
• MORAIS, R. O Método Kodály no Brasil: Aplicação e Perspectivas. Dissertação UFRJ, 2013
• GOMES, A. Kodály, Música e Educação no Brasil. Anais da ABEM, 2016
• FLORES, F. Jogos Musicais e Educação Kodály. Encontro Nacional de Educação Musical, 2015
• PEIXOTO, M. Repertório Brasileiro na Prática Kodály. Revista Arte & Educação, 2017","MÉTODO KODÁLY - SOLFEJO E CANTO COLETIVO

FILOSOFIA CENTRAL:
""A música deve pertencer a todos. Ensinar música sem ensinar a ler música é como ensinar a ler sem ensinar o alfabeto."" — Zoltán Kodály

HISTÓRIA E CONTEXTO:
O Método Kodály surge na Hungria (1920-1950) no contexto de reconstrução nacional e valorização do folclore. Zoltán Kodály, compositor, folclorista e pedagogo, defendia que o canto é o instrumento mais acessível e natural para o ser humano e deveria ser a base de todo ensino musical. Promoveu amplo movimento de coleta e resgate das canções populares húngaras, integrando-as ao currículo nacional. O método revolucionou o ensino ao defender universalização do acesso, musicalização precoce e uso do folclore nacional.

FERRAMENTAS PEDAGÓGICAS:
• Solfejo móvel (dó-ré-mi) para percepção tonal
• Rítmica Kodály (ta, ti-ti) para padrões rítmicos
• Gestos manuais (manossolfa) para visualização sonora
• Leitura e ditado musical progressivos
• Repertório folclórico e popular contextualizado

EXEMPLOS DE APLICAÇÃO:

1. SEQUÊNCIA ""CANTANDO E BRINCANDO"" (4 semanas):
   • Semana 1: Apresentação de canções populares e jogos de roda
   • Semana 2: Introdução do dó móvel e gestos manuais (manossolfa)
   • Semana 3: Leitura e prática de padrões rítmicos (ta, ti-ti) em músicas folclóricas
   • Semana 4: Ditado melódico - cantar e escrever melodias curtas

2. ROTEIRO DE AULA (40 minutos):
   • Aquecimento vocal e corporal (5 min)
   • Canto coletivo com solfejo (10 min)
   • Exercícios rítmicos (10 min)
   • Ditado melódico/rítmico (10 min)
   • Roda de escuta e conversa sobre música regional (5 min)

3. CORAL ESCOLAR:
   Prática coletiva semanal, apresentações em datas comemorativas, repertório misto (folclore + popular + gospel), integração com festas da escola. Público: Ensino fundamental e médio.

CARACTERÍSTICAS PRÁTICAS:
• Nível de dificuldade de implementação: 3/5 (Médio - requer formação específica)
• Requer: Voz, repertório adequado, professor capacitado em solfejo e regência
• Resultados: Alfabetização musical, afinação vocal, percepção auditiva, identidade cultural",https://www.youtube.com/results?search_query=kodaly+method+demonstration,true,2025-10-27 17:39:08.626678
bfd9fe47-6dd7-471a-b18a-6fc2b0a9a72e,Orff Schulwerk,Alemanha,Carl Orff (1895-1982) e Gunild Keetman (1904-1990),1950,"Metodologia que promove o aprendizado musical através da experimentação, corpo, voz, movimento e improvisação, usando instrumentos simples e atividades lúdicas.","[""Música como Experiência Corporal - O aprendizado parte do corpo, do ritmo natural, dos gestos, antes da teoria"",""Improvisação e Criação - O aluno cria, experimenta, improvisa, descobre — não apenas reproduz"",""Instrumentação Elementar - Uso de instrumentos simples (xilofones, metalofones, percussão, objetos do cotidiano)"",""Coletividade e Inclusão - Foco no grupo, no fazer coletivo, em dinâmicas circulares"",""Interdisciplinaridade - Integra música, dança, teatro, fala, movimento""]",3 a 12 anos (ideal para educação infantil e fundamental),"[""Xilofones e metalofones Orff"",""Percussão corporal (palmas, pés, estalos)"",""Tambores, pandeiros, triângulos"",""Objetos do cotidiano (copos, latas, garrafas PET)"",""Instrumentos reciclados"",""Voz cantada e falada""]","[""Democratização do acesso - Qualquer criança pode participar, independente de talento ou nível social"",""Desenvolvimento global - Trabalha coordenação, criatividade, socialização, expressão emocional"",""Baixo custo - Instrumentação improvisada reduz custos e incentiva sustentabilidade"",""Facilidade de adaptação - Alinhado com BNCC para educação infantil e fundamental"",""Inclusão efetiva - Facilmente adaptável para alunos PCD e diversos contextos sociais"",""Alta motivação - Engajamento através do lúdico, criação e autonomia""]","[""Risco de superficialidade - Pode ser visto como \""brincadeira sem rigor\"" se o professor não dominar o método"",""Transição para música formal - Dificuldade para leitura de partitura e teoria avançada se não houver integração progressiva"",""Engajamento de adolescentes - Pode ser visto como \""infantil\"" se não atualizado com repertório jovem"",""Dependência da formação docente - Resultados dependem da qualidade da formação do professor""]","No Brasil, o Orff Schulwerk ganhou relevância em projetos de musicalização infantil, iniciativas sociais, escolas públicas e movimentos alternativos. Destacam-se: Projeto Guri (SP) com percussão corporal e instrumentos alternativos; Escolas Waldorf integrando dança, teatro e música; Experiências em redes municipais (Belo Horizonte, Salvador) para inclusão de alunos PCD; Formação continuada via UNESP, UFBA, UFRGS. Adaptações incluem uso de folclore brasileiro, música popular e instrumentos reciclados.","REFERÊNCIAS:
• ORFF, Carl. Elementaria: Erste Einführung in die Musik für Lehrer und Eltern. Schott, 1978
• KEETMAN, Gunild. Elementare Musikübung. Schott, 1974
• BARRETO, A. Orff Schulwerk: Música Elementar na Prática Escolar Brasileira. Revista UFBA, 2018
• SILVA, M. A abordagem Orff no ensino de música para crianças de 6 a 10 anos em escolas públicas do Vale do Paraíba. Dissertação UNESP, 2020
• RODRIGUES, E. Orff Schulwerk na Educação Musical Brasileira. Anais da ABEM, 2016
• SARAIVA, F. Música Elementar para Crianças Brasileiras. Autêntica, 2017","ORFF SCHULWERK - MÚSICA ELEMENTAR

FILOSOFIA CENTRAL:
""A música elementar não é nunca música sozinha. Ela é inseparável do movimento, da dança e da fala. É música que se faz, não apenas se ouve ou se aprende de fora para dentro."" — Carl Orff

HISTÓRIA E CONTEXTO:
O Orff Schulwerk, também conhecido como ""Música Elementar"", é uma abordagem pedagógica desenvolvida por Carl Orff e sua colaboradora Gunild Keetman entre 1920-1950. Nasceu da necessidade de uma educação musical menos elitista e mais conectada à natureza humana. Orff defendia que música, movimento e fala são elementos inseparáveis, e que a experiência precede o formalismo teórico. Influenciado pela música folclórica, teatro grego e conceito de ""elementar"" (fundamental), o método se disseminou mundialmente adaptando-se a diferentes culturas.

EXEMPLOS DE APLICAÇÃO:

1. SEQUÊNCIA ""DESCOBRINDO SONS"" (4 semanas):
   • Semana 1: Exploração de sons com o corpo (palmas, pés, estalos)
   • Semana 2: Criação de instrumentos com materiais recicláveis
   • Semana 3: Roda de improvisação - um aluno cria ritmo, grupo responde
   • Semana 4: Performance coletiva para outras turmas ou pais

2. ROTEIRO DE AULA TÍPICO (40 minutos):
   • Aquecimento corporal (5 min)
   • Jogo rítmico em círculo (10 min)
   • Exploração de objetos/instrumentos improvisados (10 min)
   • Criação coletiva de sequência sonora (10 min)
   • Roda de escuta/reflexão (5 min)

3. PROJETO INTERDISCIPLINAR:
   Integração com literatura (sonorização de histórias), matemática (jogos rítmicos de contagem), ciências (sons da natureza). Público: Ensino fundamental I.

CARACTERÍSTICAS PRÁTICAS:
• Nível de dificuldade de implementação: 3/5 (Médio)
• Requer: Espaço amplo, instrumentos simples ou recicláveis, professor capacitado
• Resultados: Desenvolvimento rítmico, criatividade, socialização, inclusão efetiva",https://www.youtube.com/results?search_query=orff+schulwerk+demonstration,true,2025-10-27 17:39:08.626678
c0e9a6db-3054-42e4-a2e4-eaf1957f2359,Dalcroze Euritmia,Suíça,Émile Jaques-Dalcroze,1905,"Metodologia que desenvolve o ritmo através do movimento corporal, com escuta ativa e resposta física.","[""Ritmo através do movimento corporal"",""Escuta ativa e resposta física"",""Coordenação mente-corpo"",""Improvisação rítmica"",""Expressão através do movimento""]",Todas as idades,"[""Corpo humano"",""Piano (acompanhamento)"",""Voz"",""Percussão simples""]","[""Desenvolve consciência corporal"",""Integração música-movimento"",""Melhora coordenação motora"",""Estimula criatividade""]","[""Requer espaço amplo"",""Professores precisam formação específica""]","Aplicado em escolas de dança, teatro e música. Integra-se com manifestações brasileiras ricas em ritmo (samba, maracatu).",,Dalcroze Euritmia usa o corpo como instrumento musical principal. A Euritmia (boa-ritmia) busca internalizar elementos musicais através do movimento. No Nipo School: Ciclo Inicial para desenvolver consciência corporal e ritmo.,,true,2025-10-26 13:29:05.142119
c351c7f5-aec1-47b5-b1de-1f53fdc6ef46,Waldorf/Steiner,Alemanha/Áustria,Rudolf Steiner,1919,"Pedagogia integral que desenvolve harmonicamente pensar, sentir e agir. A música é central, associada à vivência artística, corporal, social e espiritual.","[""Desenvolvimento em setênios (ciclos de 7 anos)"",""Arte como coração da educação"",""Música integrada a histórias e brincadeiras"",""Euritmia (movimento corporal artístico)"",""Individualização e respeito ao ritmo"",""Experiência antes da teoria""]",0-18 anos (por setênios),"[""Lira pentatônica"",""Flauta doce"",""Instrumentos de corda"",""Percussão"",""Coro""]","[""Desenvolvimento integral da pessoa"",""Respeita individualidade"",""Integra todas as artes"",""Forma comunidade"",""Conecta com sazonalidade e natureza""]","[""Formação específica longa para professores"",""Material específico caro"",""Pode ser vista como elitista"",""Resistência ao uso de tecnologia""]","Presente em escolas particulares brasileiras, projetos alternativos e algumas experiências na rede pública, com adaptações sazonais do hemisfério sul.","Steiner, R. (1996). A Arte da Educação; KOEPKE, H. (2019). Encontrando a Individualidade na Criança; BACH, R. (2012). Pedagogia Waldorf no Brasil.","A arte deve ser o coração pulsante da educação. A música permeia todas as fases da infância e juventude, associada à vivência artística, corporal, social e espiritual.",,true,2025-09-22 13:35:13.889853
c3568f69-e753-4799-b055-bedefc21c8d8,Waldorf/Steiner,Alemanha/Áustria,Rudolf Steiner,1919,"Pedagogia integral que desenvolve harmonicamente pensar, sentir e agir. A música é central, associada à vivência artística, corporal, social e espiritual.","[""Desenvolvimento em setênios (ciclos de 7 anos)"",""Arte como coração da educação"",""Música integrada a histórias e brincadeiras"",""Euritmia (movimento corporal artístico)"",""Individualização e respeito ao ritmo"",""Experiência antes da teoria""]",0-18 anos (por setênios),"[""Lira pentatônica"",""Flauta doce"",""Instrumentos de corda"",""Percussão"",""Coro""]","[""Desenvolvimento integral da pessoa"",""Respeita individualidade"",""Integra todas as artes"",""Forma comunidade"",""Conecta com sazonalidade e natureza""]","[""Formação específica longa para professores"",""Material específico caro"",""Pode ser vista como elitista"",""Resistência ao uso de tecnologia""]","Presente em escolas particulares brasileiras, projetos alternativos e algumas experiências na rede pública, com adaptações sazonais do hemisfério sul.","Steiner, R. (1996). A Arte da Educação; KOEPKE, H. (2019). Encontrando a Individualidade na Criança; BACH, R. (2012). Pedagogia Waldorf no Brasil.","A arte deve ser o coração pulsante da educação. A música permeia todas as fases da infância e juventude, associada à vivência artística, corporal, social e espiritual.",,true,2025-09-22 13:43:04.62662
c6647367-ccb2-4284-881b-2951f83a8a5f,Gordon Music Learning Theory,EUA,Edwin Gordon,1970,"Teoria baseada em ""audiation"" (pensamento musical interno), desenvolvimento sequencial e padrões musicais.","[""Audiation - pensar musicalmente"",""Desenvolvimento sequencial"",""Padrões tonais e rítmicos"",""Discriminação auditiva"",""Criatividade e improvisação""]",Desde bebês (0 anos) até adultos,"[""Voz (principal)"",""Diversos instrumentos"",""Corpo (movimento)""]","[""Base científica sólida"",""Aplicável desde primeira infância"",""Desenvolve audição interna"",""Preparação para improvisação""]","[""Terminologia complexa"",""Requer formação específica"",""Material menos acessível""]",Crescente no Brasil através de professores formados. Eficaz em educação infantil e preparação para improvisação.,,"Gordon MLT baseia-se em audiation: capacidade de ouvir e compreender música internamente. Estágios: Aculturação, Imitação, Assimilação. No Nipo School: Todos os ciclos para desenvolvimento de audiation e improvisação.",,true,2025-10-26 13:29:05.142119
cc12214a-8e62-40e6-a373-dc164a8058a0,Dalcroze/Euritmia,Suíça,Émile Jaques-Dalcroze (1865-1950),1905,"Abordagem que integra movimento corporal, percepção rítmica, improvisação e consciência do espaço. Propõe que o corpo é o primeiro instrumento musical e que o aprendizado depende do engajamento físico.","[""Euritmia - O corpo como meio de internalizar ritmo, tempo, fraseado e dinâmica musical"",""Movimento espontâneo - Uso de caminhada, corrida, gestos e dança livre para sentir música"",""Improvisação corporal - Estímulo à criatividade, expressão e comunicação não-verbal"",""Interação entre ouvir, sentir e agir - Sincronização de percepção auditiva e ação física"",""Consciência espacial - Exploração do espaço, direções, níveis, formações coletivas"",""Desenvolvimento integral - Corpo, mente, emoção, coordenação, expressão""]",Todas as idades (3 a 99 anos - especialmente eficaz de 4 a 12 anos),"[""Corpo (instrumento principal)"",""Movimento e dança"",""Voz"",""Percussão leve complementar"",""Piano para acompanhamento""]","[""Desenvolvimento global - Ritmo, coordenação, expressão, consciência espacial, lateralidade, autoestima"",""Inclusão e acessibilidade - Apropriado para todas as idades, pessoas PCD e necessidades especiais"",""Preparação para artes integradas - Beneficia dança, teatro, esportes, aprendizagem cognitiva"",""Acolhimento emocional - Movimenta energia, promove bem-estar, estimula coletivo"",""Baixo custo material - Pouco ou nenhum instrumento necessário"",""Eficácia com diversidade - Funciona com diferentes perfis e contextos""]","[""Percepção de falta de técnica - Pode ser visto como brincadeira sem foco técnico"",""Necessidade de espaço físico - Resultados melhores em salas amplas, ventiladas, seguras"",""Formação docente específica - Eficácia depende fortemente do preparo do professor"",""Resistência de adolescentes - Podem rejeitar dinâmicas corporais sem motivação/adaptação"",""Pouca formalização teórica - Se não combinado, déficit em leitura musical e técnica instrumental""]","No Brasil, a euritmia é reconhecida em: Escolas Waldorf (currículo obrigatório desde primeira infância); Projetos de musicalização infantil em BH, SP e Porto Alegre; Universidades (UFBA, UFMG, UNESP) em cursos de licenciatura e extensão; Terapia e inclusão (crianças autistas, surdas, TDAH, deficiências motoras) com resultados em autoconfiança e socialização; Companhias de dança e teatro (oficinas de ritmo corporal). Adaptações incluem fusão com dança contemporânea, teatro educativo e musicoterapia, uso de músicas atuais para adolescentes.","REFERÊNCIAS:
• JAQUES-DALCROZE, Émile. Rhythm, Music and Education. London: Putnam, 1921
• CHODOS, E. The Dalcroze Method Today. Music Educators Journal, 2004
• MIRANDA, E. A Abordagem Dalcroze na Musicalização Brasileira. Anais da ABEM, 2016
• FERREIRA, A. Euritmia, Movimento e Música na Escola Brasileira. Dissertação UFMG, 2013
• FRANÇA, T. Ritmo e Movimento: Dalcroze na Educação Infantil. Revista Música e Movimento, 2018
• COSTA, L. Inclusão de Crianças com TEA pela Euritmia. Seminário de Educação Musical, 2017","DALCROZE/EURITMIA - RITMO, MOVIMENTO E CONSCIÊNCIA CORPORAL

FILOSOFIA CENTRAL:
""O ritmo é o motor da música, e o corpo é seu veículo natural. Aprender música é sincronizar percepção auditiva e ação física."" — Émile Jaques-Dalcroze

HISTÓRIA E CONTEXTO:
O Método Dalcroze, ou Euritmia, nasceu no final do século XIX em Genebra, Suíça, como resposta à rigidez do ensino musical tradicional e à carência de musicalidade real entre músicos profissionais. Émile Jaques-Dalcroze, compositor e pedagogo, defendia que ritmo e musicalidade devem ser vividos antes de serem racionalizados. O método propõe que o corpo é o veículo natural do ritmo, usando movimento espontâneo, caminhada, corrida, gestos e dança livre para sentir e entender música, integrando percepção auditiva e ação física.

ELEMENTOS PRÁTICOS:
• Aulas práticas e coletivas com exploração do espaço
• Atividades lúdicas, jogos de ritmo e dramatizações
• Improvisação corporal e expressão livre
• Integração com dança, teatro e artes visuais
• Aplicação em musicoterapia e reabilitação

EXEMPLOS DE APLICAÇÃO:

1. SEQUÊNCIA ""SENTINDO O RITMO"" (4 semanas):
   • Semana 1: Caminhada livre e batidas de palmas com diferentes pulsações
   • Semana 2: Jogos de imitação de movimentos, resposta corporal a estímulos sonoros
   • Semana 3: Improvisação e espaço - criação de movimentos para diferentes emoções/músicas
   • Semana 4: Dramatização de uma música/poema com movimentos criados pelos alunos

2. ROTEIRO DE AULA (40 minutos):
   • Aquecimento corporal (5 min)
   • Jogo rítmico em círculo (10 min)
   • Exploração do espaço e movimento livre (10 min)
   • Atividade de improvisação (10 min)
   • Encerramento e roda de conversa (5 min)

3. INCLUSÃO E TERAPIA:
   Atividades adaptadas para PCD, ênfase em expressão livre, escuta e participação em grupo. Uso em reabilitação motora e desenvolvimento socioemocional. Público: Crianças e adolescentes com necessidades especiais.

CARACTERÍSTICAS PRÁTICAS:
• Nível de dificuldade de implementação: 4/5 (Alto - requer espaço e formação específica)
• Requer: Espaço amplo e seguro, professor capacitado em movimento e ritmo, abertura institucional
• Resultados: Consciência corporal, ritmo internalizado, expressividade, inclusão efetiva, bem-estar",https://www.youtube.com/results?search_query=dalcroze+eurhythmics+demonstration,true,2025-10-27 17:42:22.185297
e89217df-9d71-4c57-a77e-54a2fd1809a2,Lincoln Center Education,Estados Unidos,Lincoln Center Institute,1975,"Abordagem que usa as artes como ferramenta de ensino-aprendizagem, desenvolvendo capacidades estéticas, pensamento crítico e conexões interdisciplinares.","[""Arte como ferramenta de aprendizagem"",""Desenvolvimento de capacidades estéticas"",""Pensamento crítico através da arte"",""Experiência estética direta"",""Integração curricular"",""Formação de professores""]",6-18 anos,"[""Todos os instrumentos"",""Voz"",""Movimento"",""Artes visuais integradas""]","[""Desenvolve múltiplas inteligências"",""Melhora performance acadêmica"",""Conecta arte com outras disciplinas"",""Forma pensadores críticos"",""Metodologia bem documentada""]","[""Requer parcerias institucionais"",""Formação intensiva de professores"",""Pode ser vista como elitista"",""Recursos culturais específicos necessários""]","Adaptado no Brasil em parcerias com teatros e centros culturais, influenciando projetos educacionais que integram arte e educação formal.","GREENE, M. (2001). Variations on a Blue Guitar; DAVIS, J. (2008). Why Our Schools Need the Arts; BARBOSA, A.M. (2014). Abordagem Triangular no Brasil.","As artes oferecem maneiras únicas de conhecer e compreender o mundo, desenvolvendo capacidades que nenhuma outra disciplina pode oferecer.",,true,2025-09-22 13:35:13.889853
eaeb712a-4dd7-4cfc-9713-348862d11aec,Método Kodály,Hungria,Zoltán Kodály (1882-1967),1925,"Metodologia focada no canto coletivo, desenvolvimento auditivo, solfejo e uso do repertório popular/folclórico. Defende que a música deve pertencer a todos e o canto é o instrumento mais natural e acessível.","[""Canto como base universal - Todas as crianças podem cantar, independente de posses ou talentos"",""Musicalização precoce - Educação musical desde a infância, preferencialmente a partir dos 3 anos"",""Repertório nacional/popular - Uso de canções do folclore local, valorizando a cultura"",""Sistematicidade - Ensino progressivo, estruturado, com ênfase na leitura e escrita musical"",""Solfejo móvel (dó móvel) - Uso de sílabas (dó-ré-mi) para desenvolver percepção tonal"",""Gestos manuais (Curwen) - Sinais com as mãos para representar graus da escala""]",3 a 14 anos (excelente para formação coral e alfabetização musical),"[""Voz cantada (instrumento principal)"",""Gestos manuais (manossolfa)"",""Flauta doce"",""Percussão leve complementar""]","[""Base auditiva robusta - Forma ouvintes e músicos afinados, sensíveis à melodia e ritmo"",""Universalização - Acessível, sem necessidade de instrumentos caros"",""Integração curricular - Fácil articulação com outras disciplinas (língua, história, artes)"",""Alfabetização musical sólida - Facilita leitura e escrita musical"",""Valorização cultural - Resgate e fortalecimento da identidade musical regional"",""Desenvolvimento vocal - Melhora afinação, dicção, respiração e expressão""]","[""Enfoque excessivo no canto - Pode limitar desenvolvimento instrumental se não articulado"",""Rigidez curricular - Excesso de sistematização pode reduzir criatividade/experimentação"",""Adaptação cultural - Método criado para folclore húngaro, exige contextualização brasileira"",""Desmotivação de alunos instrumentistas - Se não integrado, pode ser visto como \""apenas cantar\"""",""Necessidade de repertório adequado - Risco de distanciamento cultural sem curadoria""]","No Brasil, o Kodály é utilizado em: Escolas públicas (MG, PE) com jogos de canto, ditados rítmicos e canções folclóricas; Corais infantis e juvenis (Coral UFMG, CoralUSP) para afinação e leitura à primeira vista; Formação docente via universidades federais (UFMG, UFBA, UFRJ). Adaptações incluem repertório brasileiro (cantigas de roda, música popular, gospel), integração com instrumentos (flauta, violão), e jogos de improvisação. Relatos mostram avanço em percepção auditiva, memória melódica e autoestima, especialmente em contextos de vulnerabilidade.","REFERÊNCIAS:
• KODÁLY, Zoltán. The Selected Writings of Zoltán Kodály. Boosey & Hawkes, 1974
• CHOKSY, Lois. The Kodály Method I & II. Prentice Hall, 1999
• MORAIS, R. O Método Kodály no Brasil: Aplicação e Perspectivas. Dissertação UFRJ, 2013
• GOMES, A. Kodály, Música e Educação no Brasil. Anais da ABEM, 2016
• FLORES, F. Jogos Musicais e Educação Kodály. Encontro Nacional de Educação Musical, 2015
• PEIXOTO, M. Repertório Brasileiro na Prática Kodály. Revista Arte & Educação, 2017","MÉTODO KODÁLY - SOLFEJO E CANTO COLETIVO

FILOSOFIA CENTRAL:
""A música deve pertencer a todos. Ensinar música sem ensinar a ler música é como ensinar a ler sem ensinar o alfabeto."" — Zoltán Kodály

HISTÓRIA E CONTEXTO:
O Método Kodály surge na Hungria (1920-1950) no contexto de reconstrução nacional e valorização do folclore. Zoltán Kodály, compositor, folclorista e pedagogo, defendia que o canto é o instrumento mais acessível e natural para o ser humano e deveria ser a base de todo ensino musical. Promoveu amplo movimento de coleta e resgate das canções populares húngaras, integrando-as ao currículo nacional. O método revolucionou o ensino ao defender universalização do acesso, musicalização precoce e uso do folclore nacional.

FERRAMENTAS PEDAGÓGICAS:
• Solfejo móvel (dó-ré-mi) para percepção tonal
• Rítmica Kodály (ta, ti-ti) para padrões rítmicos
• Gestos manuais (manossolfa) para visualização sonora
• Leitura e ditado musical progressivos
• Repertório folclórico e popular contextualizado

EXEMPLOS DE APLICAÇÃO:

1. SEQUÊNCIA ""CANTANDO E BRINCANDO"" (4 semanas):
   • Semana 1: Apresentação de canções populares e jogos de roda
   • Semana 2: Introdução do dó móvel e gestos manuais (manossolfa)
   • Semana 3: Leitura e prática de padrões rítmicos (ta, ti-ti) em músicas folclóricas
   • Semana 4: Ditado melódico - cantar e escrever melodias curtas

2. ROTEIRO DE AULA (40 minutos):
   • Aquecimento vocal e corporal (5 min)
   • Canto coletivo com solfejo (10 min)
   • Exercícios rítmicos (10 min)
   • Ditado melódico/rítmico (10 min)
   • Roda de escuta e conversa sobre música regional (5 min)

3. CORAL ESCOLAR:
   Prática coletiva semanal, apresentações em datas comemorativas, repertório misto (folclore + popular + gospel), integração com festas da escola. Público: Ensino fundamental e médio.

CARACTERÍSTICAS PRÁTICAS:
• Nível de dificuldade de implementação: 3/5 (Médio - requer formação específica)
• Requer: Voz, repertório adequado, professor capacitado em solfejo e regência
• Resultados: Alfabetização musical, afinação vocal, percepção auditiva, identidade cultural",https://www.youtube.com/results?search_query=kodaly+method+demonstration,true,2025-10-27 17:42:22.185297
f630709a-e3d1-40a5-9a3c-443d1c1163f5,Orff Schulwerk,Alemanha,Carl Orff (1895-1982) e Gunild Keetman (1904-1990),1950,"Metodologia que promove o aprendizado musical através da experimentação, corpo, voz, movimento e improvisação, usando instrumentos simples e atividades lúdicas.","[""Música como Experiência Corporal - O aprendizado parte do corpo, do ritmo natural, dos gestos, antes da teoria"",""Improvisação e Criação - O aluno cria, experimenta, improvisa, descobre — não apenas reproduz"",""Instrumentação Elementar - Uso de instrumentos simples (xilofones, metalofones, percussão, objetos do cotidiano)"",""Coletividade e Inclusão - Foco no grupo, no fazer coletivo, em dinâmicas circulares"",""Interdisciplinaridade - Integra música, dança, teatro, fala, movimento""]",3 a 12 anos (ideal para educação infantil e fundamental),"[""Xilofones e metalofones Orff"",""Percussão corporal (palmas, pés, estalos)"",""Tambores, pandeiros, triângulos"",""Objetos do cotidiano (copos, latas, garrafas PET)"",""Instrumentos reciclados"",""Voz cantada e falada""]","[""Democratização do acesso - Qualquer criança pode participar, independente de talento ou nível social"",""Desenvolvimento global - Trabalha coordenação, criatividade, socialização, expressão emocional"",""Baixo custo - Instrumentação improvisada reduz custos e incentiva sustentabilidade"",""Facilidade de adaptação - Alinhado com BNCC para educação infantil e fundamental"",""Inclusão efetiva - Facilmente adaptável para alunos PCD e diversos contextos sociais"",""Alta motivação - Engajamento através do lúdico, criação e autonomia""]","[""Risco de superficialidade - Pode ser visto como \""brincadeira sem rigor\"" se o professor não dominar o método"",""Transição para música formal - Dificuldade para leitura de partitura e teoria avançada se não houver integração progressiva"",""Engajamento de adolescentes - Pode ser visto como \""infantil\"" se não atualizado com repertório jovem"",""Dependência da formação docente - Resultados dependem da qualidade da formação do professor""]","No Brasil, o Orff Schulwerk ganhou relevância em projetos de musicalização infantil, iniciativas sociais, escolas públicas e movimentos alternativos. Destacam-se: Projeto Guri (SP) com percussão corporal e instrumentos alternativos; Escolas Waldorf integrando dança, teatro e música; Experiências em redes municipais (Belo Horizonte, Salvador) para inclusão de alunos PCD; Formação continuada via UNESP, UFBA, UFRGS. Adaptações incluem uso de folclore brasileiro, música popular e instrumentos reciclados.","REFERÊNCIAS:
• ORFF, Carl. Elementaria: Erste Einführung in die Musik für Lehrer und Eltern. Schott, 1978
• KEETMAN, Gunild. Elementare Musikübung. Schott, 1974
• BARRETO, A. Orff Schulwerk: Música Elementar na Prática Escolar Brasileira. Revista UFBA, 2018
• SILVA, M. A abordagem Orff no ensino de música para crianças de 6 a 10 anos em escolas públicas do Vale do Paraíba. Dissertação UNESP, 2020
• RODRIGUES, E. Orff Schulwerk na Educação Musical Brasileira. Anais da ABEM, 2016
• SARAIVA, F. Música Elementar para Crianças Brasileiras. Autêntica, 2017","ORFF SCHULWERK - MÚSICA ELEMENTAR

FILOSOFIA CENTRAL:
""A música elementar não é nunca música sozinha. Ela é inseparável do movimento, da dança e da fala. É música que se faz, não apenas se ouve ou se aprende de fora para dentro."" — Carl Orff

HISTÓRIA E CONTEXTO:
O Orff Schulwerk, também conhecido como ""Música Elementar"", é uma abordagem pedagógica desenvolvida por Carl Orff e sua colaboradora Gunild Keetman entre 1920-1950. Nasceu da necessidade de uma educação musical menos elitista e mais conectada à natureza humana. Orff defendia que música, movimento e fala são elementos inseparáveis, e que a experiência precede o formalismo teórico. Influenciado pela música folclórica, teatro grego e conceito de ""elementar"" (fundamental), o método se disseminou mundialmente adaptando-se a diferentes culturas.

EXEMPLOS DE APLICAÇÃO:

1. SEQUÊNCIA ""DESCOBRINDO SONS"" (4 semanas):
   • Semana 1: Exploração de sons com o corpo (palmas, pés, estalos)
   • Semana 2: Criação de instrumentos com materiais recicláveis
   • Semana 3: Roda de improvisação - um aluno cria ritmo, grupo responde
   • Semana 4: Performance coletiva para outras turmas ou pais

2. ROTEIRO DE AULA TÍPICO (40 minutos):
   • Aquecimento corporal (5 min)
   • Jogo rítmico em círculo (10 min)
   • Exploração de objetos/instrumentos improvisados (10 min)
   • Criação coletiva de sequência sonora (10 min)
   • Roda de escuta/reflexão (5 min)

3. PROJETO INTERDISCIPLINAR:
   Integração com literatura (sonorização de histórias), matemática (jogos rítmicos de contagem), ciências (sons da natureza). Público: Ensino fundamental I.

CARACTERÍSTICAS PRÁTICAS:
• Nível de dificuldade de implementação: 3/5 (Médio)
• Requer: Espaço amplo, instrumentos simples ou recicláveis, professor capacitado
• Resultados: Desenvolvimento rítmico, criatividade, socialização, inclusão efetiva",https://www.youtube.com/results?search_query=orff+schulwerk+demonstration,true,2025-10-27 17:42:22.185297
f875e197-bc68-4bd8-8bc0-fb81f0f5a441,Berklee/Abordagem Contemporânea,Estados Unidos,Lawrence Berk e Gary Burton,1945,"Filosofia pedagógica focada em música popular, jazz, criatividade, performance ao vivo, gravação, composição e integração com tecnologia digital.","[""Learning by doing (aprender fazendo)"",""Currículo flexível e adaptável"",""Tecnologia musical integrada"",""Improvisação e autoria"",""Diversidade e internacionalização"",""Conexão com mercado musical""]",16+ anos (ensino superior/técnico),"[""Guitarra"",""Baixo"",""Bateria"",""Teclado"",""Voz"",""Tecnologia/DAW"",""Instrumentos étnicos""]","[""Forma músicos prontos para mercado"",""Integra tecnologia moderna"",""Desenvolve empreendedorismo musical"",""Diversidade de estilos"",""Networking internacional""]","[""Foco comercial pode limitar experimentação"",""Custo elevado de equipamentos"",""Pode negligenciar fundamentos clássicos"",""Pressão por resultados comerciais""]","Influencia escolas como Conservatório Souza Lima, EM&T, UnB, com adaptações que incluem MPB, sertanejo, funk e outros gêneros brasileiros.","KUSEK, D. (2005). The Future of Music; GROSS, S. (2013). Berklee Practice Method; FERREIRA, C. (2019). O Ensino de Música Popular: A Influência da Berklee no Brasil.","Mais importante do que aprender notas, é aprender a pensar, criar, improvisar e se conectar com o público. Forma músicos criativos, independentes e aptos para o mercado contemporâneo.",,true,2025-09-22 13:43:04.62662
fa00d945-c326-4f1c-8d12-a6e51044a072,Método Kodály,Hungria,Zoltán Kodály,1925,"Abordagem de educação musical baseada no canto, folclore nacional e desenvolvimento da literacia musical através de sistemas de solmização.","[""Música é para todos"",""Canto como base fundamental"",""Folclore como material inicial"",""Solmização (dó móvel)"",""Leitura e escrita musical"",""Sequência pedagógica rigorosa""]",6-14 anos,"[""Voz (canto)"",""Instrumentos simples"",""Piano (apoio)""]","[""Desenvolve ouvido musical refinado"",""Conecta com identidade cultural"",""Alfabetização musical sólida"",""Acessível (não requer instrumentos caros)"",""Forma base para qualquer instrumento""]","[""Foco inicial limitado ao canto"",""Demanda conhecimento de folclore"",""Pode ser menos atrativo para jovens modernos"",""Progressão pode ser lenta""]","Adaptado no Brasil com incorporação de folclore brasileiro, canções indígenas e afro-brasileiras, mantendo os princípios pedagógicos mas contextualizando culturalmente.","Kodály, Z. (1974). The Selected Writings; CHOKSY, L. (1999). The Kodály Method I; SILVA, W. (2011). Kodály no Brasil: adaptações e possibilidades.","A música pertence a todos. É tão necessária para o homem quanto o ar que respira. A educação musical deve começar com canções folclóricas da própria cultura, pois são o idioma musical materno da criança.",,true,2025-09-22 13:26:34.1781
fe3c9077-202e-4b16-ae6e-d32914876f2b,Orff Schulwerk,Alemanha,Carl Orff e Gunild Keetman,1920,"Metodologia de ensino musical através da experimentação, do corpo, da voz, do movimento e da improvisação, usando instrumentos simples e atividades lúdicas.","[""Música como Experiência Corporal"",""Improvisação e Criação"",""Instrumentação Elementar"",""Coletividade e Inclusão"",""Interdisciplinaridade""]",Todas as idades (especialmente 6-12 anos),"[""Xilofones"",""Metalofones"",""Percussão"",""Objetos do cotidiano""]","[""Acessível a todos os níveis"",""Desenvolve criatividade"",""Promove inclusão social"",""Integra múltiplas linguagens"",""Estimula o fazer coletivo""]","[""Necessita instrumentos específicos"",""Demanda formação especializada"",""Pode ser desafiador em espaços limitados""]","No Brasil ganhou relevância em projetos de musicalização infantil, iniciativas sociais e escolas públicas, tornando-se uma das abordagens mais democráticas para inclusão musical.","Orff, C. (1978). Elementaria: Erste Einführung in die Musik; Keetman, G. (1974). Elementare Musikübung; BARRETO, A. (2018). Orff Schulwerk: Música Elementar na Prática Escolar Brasileira.","A música elementar não é nunca música sozinha. Ela é inseparável do movimento, da dança e da fala. É música que se faz, não apenas se ouve ou se aprende de fora para dentro. O Orff Schulwerk nasceu na Alemanha, entre as décadas de 1920 e 1950, em resposta à necessidade de uma educação musical menos elitista e mais conectada à natureza humana.",,true,2025-09-22 13:26:34.1781